ticket,first_name,last_name,apply_timestamp,last_update,cause,requested,status,given
100806,James,Smith,2022-06-17 02:11:30,2022-06-18 10:05:46,Victim of Crime,2000,APPEALED,0
101041,Sophia,Miller,2022-06-19 19:57:56,2022-06-19 23:14:58,Loss of Residency,550,DELIVERED,766
102027,Sophia,Hernandez,2022-06-27 19:45:35,2022-06-27 21:02:09,Loss of Residency,450,DENIED - FIN FITNESS MEETING,0
102386,Evelyn,Cooper,2022-07-04 03:11:32,2022-07-06 03:16:15,Victim of Crime,550,APPROVED,333
102539,Elijah,Hernandez,2022-07-10 03:18:12,2022-07-10 08:51:17,Child Care,1500,DELIVERED,2514
102665,Emma,Williams,2022-07-20 18:49:32,2022-07-21 20:11:15,Car Accident,1500,IN-PROGRESS - COMMITTEE,0
102989,Henry,Brown,2022-07-24 20:11:59,2022-07-26 13:42:50,Misc.,100,APPEALED,0
103769,Isabella,Johnson,2022-07-26 10:48:29,2022-07-27 09:01:58,Child Care,475,APPROVED,292
104094,Henry,Hernandez,2022-07-27 10:29:33,2022-07-28 12:50:37,Loss of Residency,790,APPROVED,83
104929,Liam,Miller,2022-08-02 08:18:54,2022-08-02 10:28:34,Loss of Residency,400,APPEALED,0
105659,Theodore,Miller,2022-08-09 18:38:27,2022-08-10 09:01:37,Child Care,50,IN-PROGRESS - APPROVAL,0
106092,Benjamin,Garcia,2022-08-13 16:50:30,2022-08-15 14:30:03,Loss of Transportation,450,IN-PROGRESS - APPROVAL,0
106931,Noah,Nguyen,2022-08-16 23:49:41,2022-08-17 09:09:41,Legal Costs/Fees,2000,APPROVED,1781
106966,Sophia,Brown,2022-08-26 21:22:15,2022-08-27 00:37:59,Loss of Transportation,110,DENIED,0
107484,Lucas,Jones,2022-08-29 21:56:23,2022-08-29 22:55:53,Child Care,2500,APPROVED,435
107828,Elijah,Garcia,2022-08-31 13:15:33,2022-08-31 17:57:11,Injury/Illness,540,DELIVERED,418
108639,Harper,Nguyen,2022-09-04 21:36:19,2022-09-06 21:44:40,Legal Costs/Fees,350,APPEALED,0
108956,Amelia,Jones,2022-09-15 09:32:01,2022-09-16 21:07:35,Misc.,50,IN-PROGRESS - APPROVAL,0
109914,Amelia,Miller,2022-09-15 22:04:53,2022-09-15 23:07:08,Loss of Residency,800,APPROVED,1000
110901,Henry,Adams,2022-09-25 03:04:26,2022-09-25 07:54:27,Loss of Residency,999,APPEALED,0
111199,Amelia,Smith,2022-10-02 15:20:33,2022-10-03 04:35:24,Elder Care,400,DENIED - FIN FITNESS MEETING,0
111745,Oliver,Nguyen,2022-10-11 17:41:35,2022-10-13 17:06:08,Child Care,300,DELIVERED,348
112022,Elijah,Miller,2022-10-17 12:12:02,2022-10-18 18:38:39,Victim of Crime,100,DELIVERED,173
112176,Evelyn,Cooper,2022-10-24 23:39:22,2022-10-25 15:40:08,Car Accident,150,DENIED - FIN FITNESS MEETING,0
112668,Emma,Jones,2022-10-26 19:45:55,2022-10-28 15:43:02,Loss of Transportation,1500,APPEALED,0
113024,Elijah,Garcia,2022-11-05 20:45:29,2022-11-06 09:27:18,Elder Care,110,APPROVED,138
113775,Benjamin,Hernandez,2022-11-16 20:40:52,2022-11-17 11:48:33,Misc.,350,DENIED,0
114268,Isabella,Smith,2022-11-22 20:50:04,2022-11-23 07:27:21,Loss of Transportation,400,APPROVED,348
114612,Charlotte,Johnson,2022-11-30 04:21:13,2022-12-01 04:56:44,Car Accident,50,DENIED - FIN FITNESS MEETING,0
115126,Mia,Miller,2022-12-03 06:16:48,2022-12-03 17:10:50,Child Care,110,APPROVED,198
115375,Theodore,Smith,2022-12-11 15:28:38,2022-12-12 00:44:38,Child Care,450,APPROVED,707
115758,Evelyn,Hernandez,2022-12-12 20:54:05,2022-12-13 08:24:32,Loss of Residency,2500,APPEALED,0
115986,Ava,Adams,2022-12-19 22:53:46,2022-12-21 23:10:37,Injury/Illness,150,APPEALED,0
116113,Evelyn,Cooper,2022-12-23 11:22:08,2022-12-25 07:01:02,Car Accident,1400,DELIVERED,1052
116829,Liam,Jones,2022-12-26 08:43:39,2022-12-27 03:22:31,Victim of Crime,150,APPROVED,195
117050,Ava,Johnson,2022-12-30 12:23:40,2023-01-01 10:45:10,Victim of Crime,50,DENIED,0
117512,Noah,Zamora,2023-01-04 20:07:41,2023-01-06 09:38:05,Misc.,400,APPEALED,0
117943,Sophia,Williams,2023-01-11 08:26:45,2023-01-13 03:54:16,Loss of Transportation,120,APPEALED,0
118676,Noah,Jones,2023-01-20 05:13:10,2023-01-20 22:52:03,Victim of Crime,105,APPEALED,0
119437,Emma,Jones,2023-01-28 03:48:03,2023-01-28 23:32:58,Loss of Residency,150,DENIED - FIN FITNESS MEETING,0
119633,Isabella,Smith,2023-02-06 04:10:34,2023-02-07 23:49:13,Legal Costs/Fees,450,DENIED - FIN FITNESS MEETING,0
120353,Harper,Zamora,2023-02-11 09:15:12,2023-02-12 17:36:39,Loss of Residency,200,APPEALED,0
120963,Benjamin,Hernandez,2023-02-16 05:41:01,2023-02-16 09:19:43,Loss of Transportation,550,APPROVED,974
121083,Olivia,Miller,2023-02-26 10:35:11,2023-02-27 20:40:20,Car Accident,225,IN-PROGRESS - APPROVAL,0
121383,Harper,Hernandez,2023-02-28 01:22:29,2023-03-01 14:28:03,Car Accident,105,IN-PROGRESS - APPROVAL,0
121483,Harper,Hernandez,2023-03-10 23:23:59,2023-03-11 19:12:10,Loss of Residency,550,DENIED - FIN FITNESS MEETING,0
122154,William,Nguyen,2023-03-17 00:08:44,2023-03-18 01:54:44,Loss of Residency,540,DELIVERED,980
122728,Mia,Adams,2023-03-22 22:27:03,2023-03-23 06:12:56,Injury/Illness,2500,APPROVED,4665
123170,Harper,Miller,2023-03-27 15:24:54,2023-03-28 13:36:54,Car Accident,400,APPROVED,606
123433,Sophia,Hernandez,2023-04-04 22:57:38,2023-04-05 23:44:10,Victim of Crime,450,IN-PROGRESS - APPROVAL,0
123945,Benjamin,Nguyen,2023-04-13 23:15:38,2023-04-16 00:11:52,Misc.,650,DENIED,0
124454,Henry,Johnson,2023-04-21 10:13:17,2023-04-22 17:16:01,Legal Costs/Fees,450,DELIVERED,19
124648,Sophia,Miller,2023-04-22 09:07:38,2023-04-22 12:25:35,Loss of Residency,300,DENIED,0
125472,Amelia,Johnson,2023-05-01 21:06:11,2023-05-01 23:39:37,Misc.,400,DENIED - FIN FITNESS MEETING,0
125945,Charlotte,Zamora,2023-05-07 14:50:45,2023-05-09 05:59:14,Elder Care,540,DELIVERED,459
126094,Elijah,Miller,2023-05-17 10:25:02,2023-05-18 02:39:33,Injury/Illness,650,DELIVERED,421
126658,Olivia,Zamora,2023-05-23 19:44:49,2023-05-25 17:47:19,Loss of Residency,900,DELIVERED,906
127391,Isabella,Garcia,2023-06-02 15:09:28,2023-06-04 12:30:00,Victim of Crime,1200,DELIVERED,513
127871,Oliver,Miller,2023-06-04 12:26:55,2023-06-06 11:15:20,Legal Costs/Fees,105,APPROVED,51
128843,Amelia,Smith,2023-06-12 06:23:43,2023-06-14 02:20:47,Loss of Transportation,65,APPROVED,57
129401,Charlotte,Miller,2023-06-15 18:50:22,2023-06-17 02:45:33,Legal Costs/Fees,300,DENIED - FIN FITNESS MEETING,0
129427,Evelyn,Cooper,2023-06-23 04:20:43,2023-06-23 07:12:53,Victim of Crime,200,APPEALED,0
129900,Noah,Smith,2023-06-26 14:29:45,2023-06-27 13:09:06,Elder Care,1500,DELIVERED,1091
130109,Oliver,Williams,2023-06-28 02:05:53,2023-06-28 15:02:26,Car Accident,300,APPROVED,164
130788,Emma,Smith,2023-06-30 19:52:15,2023-07-02 10:22:09,Elder Care,150,APPROVED,75
131527,Harper,Hernandez,2023-07-07 03:01:20,2023-07-08 05:17:17,Child Care,2500,APPEALED,0
132396,Oliver,Hernandez,2023-07-17 12:01:11,2023-07-18 17:29:07,Child Care,2000,APPROVED,1118
133348,Isabella,Hernandez,2023-07-24 13:58:39,2023-07-25 19:55:57,Injury/Illness,900,APPROVED,1630
133596,Evelyn,Nguyen,2023-07-26 13:08:19,2023-07-28 01:53:09,Legal Costs/Fees,300,DENIED,0
134259,Benjamin,Adams,2023-07-28 08:02:57,2023-07-29 00:56:58,Injury/Illness,999,DENIED,0
135013,Sophia,Brown,2023-07-29 18:54:40,2023-07-30 07:53:00,Car Accident,1500,APPEALED,0
135877,Liam,Garcia,2023-08-07 12:15:32,2023-08-08 18:02:26,Misc.,400,APPROVED,437
136077,Elijah,Zamora,2023-08-17 07:09:41,2023-08-17 11:32:41,Injury/Illness,100,APPEALED,0
136634,Evelyn,Smith,2023-08-20 09:56:08,2023-08-21 10:47:14,Victim of Crime,110,APPROVED,190
137013,Oliver,Zamora,2023-08-30 09:16:56,2023-08-30 21:44:33,Loss of Residency,400,IN-PROGRESS - APPROVAL,0
137340,Elijah,Williams,2023-09-07 16:33:42,2023-09-09 11:32:53,Legal Costs/Fees,800,IN-PROGRESS - APPROVAL,0
137596,Charlotte,Williams,2023-09-10 03:05:04,2023-09-11 07:19:48,Victim of Crime,860,DENIED,0
138190,James,Brown,2023-09-16 16:44:48,2023-09-16 17:55:11,Loss of Residency,120,DENIED - FIN FITNESS MEETING,0
138588,Mia,Brown,2023-09-21 21:17:04,2023-09-23 02:18:08,Misc.,350,DENIED - FIN FITNESS MEETING,0
139068,Noah,Nguyen,2023-09-22 03:39:09,2023-09-22 06:01:24,Child Care,65,IN-PROGRESS - APPROVAL,0
139309,Amelia,Williams,2023-09-22 23:15:09,2023-09-24 16:40:17,Victim of Crime,540,DELIVERED,751
139341,Emma,Nguyen,2023-09-24 21:21:45,2023-09-25 20:52:08,Victim of Crime,800,DENIED - FIN FITNESS MEETING,0
139889,Evelyn,Garcia,2023-09-30 00:00:59,2023-10-01 18:57:43,Child Care,225,APPROVED,409
140522,Harper,Hernandez,2023-09-30 20:14:55,2023-10-02 16:00:40,Loss of Residency,100,IN-PROGRESS - APPROVAL,0
140650,Elijah,Jones,2023-10-03 04:53:33,2023-10-03 07:14:53,Injury/Illness,2000,IN-PROGRESS - COMMITTEE,0
141172,William,Jones,2023-10-12 16:07:27,2023-10-14 09:04:17,Injury/Illness,200,APPEALED,0
141629,Ava,Hernandez,2023-10-13 23:38:56,2023-10-14 19:37:25,Victim of Crime,200,DELIVERED,34
142180,Olivia,Nguyen,2023-10-24 09:14:51,2023-10-26 06:33:25,Legal Costs/Fees,350,DENIED - FIN FITNESS MEETING,0
143113,Sophia,Miller,2023-10-30 10:18:28,2023-11-01 03:55:19,Child Care,400,APPROVED,461
143243,William,Williams,2023-11-07 09:28:23,2023-11-07 18:58:19,Loss of Residency,2500,DENIED,0
143592,Harper,Brown,2023-11-16 18:04:52,2023-11-17 17:50:56,Legal Costs/Fees,860,IN-PROGRESS - APPROVAL,0
143866,Evelyn,Hernandez,2023-11-27 17:14:16,2023-11-28 08:57:06,Loss of Residency,65,IN-PROGRESS - APPROVAL,0
144405,Emma,Miller,2023-12-04 14:08:08,2023-12-06 14:23:26,Misc.,550,APPEALED,0
144819,Elijah,Nguyen,2023-12-04 23:48:25,2023-12-06 11:27:05,Misc.,120,DELIVERED,139
145004,James,Jones,2023-12-05 03:11:00,2023-12-06 20:58:03,Car Accident,600,DELIVERED,771
145515,Harper,Nguyen,2023-12-15 12:23:23,2023-12-16 07:20:15,Child Care,100,DENIED - FIN FITNESS MEETING,0
145713,Evelyn,Nguyen,2023-12-17 22:34:31,2023-12-18 23:40:43,Loss of Transportation,400,APPEALED,0
146341,Sophia,Jones,2023-12-17 22:36:18,2023-12-19 20:56:39,Elder Care,2000,DELIVERED,3028
146859,Elijah,Jones,2023-12-28 13:35:36,2023-12-29 22:30:50,Victim of Crime,2500,APPEALED,0
147822,Oliver,Brown,2023-12-29 20:17:56,2023-12-31 07:00:29,Elder Care,65,DENIED - FIN FITNESS MEETING,0
148436,Ava,Miller,2024-01-03 07:32:30,2024-01-05 05:01:55,Car Accident,400,APPROVED,765
148509,Benjamin,Zamora,2024-01-09 08:16:34,2024-01-09 19:30:22,Victim of Crime,550,DELIVERED,846
149115,Oliver,Adams,2024-01-19 01:08:41,2024-01-19 23:21:13,Child Care,650,DENIED,0
149538,James,Garcia,2024-01-27 17:36:42,2024-01-29 08:27:38,Injury/Illness,225,DENIED,0
150046,Mia,Williams,2024-01-28 01:28:41,2024-01-29 22:04:00,Elder Care,790,APPROVED,88
150823,Evelyn,Cooper,2024-02-07 19:55:31,2024-02-08 11:25:31,Loss of Residency,790,DENIED,0
151476,Theodore,Miller,2024-02-15 05:22:02,2024-02-16 07:01:51,Victim of Crime,550,DENIED,0
151978,Harper,Miller,2024-02-21 14:24:23,2024-02-22 02:42:57,Loss of Residency,300,DELIVERED,188
152880,Lucas,Williams,2024-02-24 01:00:52,2024-02-24 12:29:51,Victim of Crime,900,APPEALED,0
152920,Noah,Hernandez,2024-03-05 01:58:42,2024-03-06 03:59:53,Loss of Transportation,540,DENIED - FIN FITNESS MEETING,0
153339,Theodore,Zamora,2024-03-06 19:59:39,2024-03-07 01:26:15,Child Care,900,DELIVERED,1357
153605,James,Adams,2024-03-14 20:29:38,2024-03-16 17:27:18,Victim of Crime,540,IN-PROGRESS - APPROVAL,0
154304,Lucas,Hernandez,2024-03-16 02:43:38,2024-03-17 21:11:24,Loss of Residency,200,DENIED,0
155190,Sophia,Williams,2024-03-18 11:28:03,2024-03-18 19:56:25,Loss of Residency,100,APPROVED,178
155822,Benjamin,Hernandez,2024-03-25 06:27:50,2024-03-25 10:25:40,Legal Costs/Fees,400,DENIED,0
156280,Sophia,Smith,2024-03-31 23:10:47,2024-04-02 03:25:51,Child Care,999,IN-PROGRESS - APPROVAL,0
156813,James,Johnson,2024-04-04 17:33:01,2024-04-05 02:14:54,Loss of Transportation,1400,APPEALED,0
157168,Charlotte,Miller,2024-04-13 12:25:47,2024-04-13 13:17:47,Injury/Illness,110,APPROVED,157
158075,Henry,Cooper,2024-04-22 01:56:56,2024-04-22 21:02:02,Loss of Transportation,2000,IN-PROGRESS - COMMITTEE,0
159049,Mia,Williams,2024-04-30 20:36:25,2024-05-01 06:49:16,Elder Care,860,DENIED,0
159264,Benjamin,Jones,2024-05-09 15:51:10,2024-05-10 21:08:38,Elder Care,65,APPROVED,51
159665,William,Jones,2024-05-18 13:24:54,2024-05-19 00:08:26,Injury/Illness,120,DENIED,0
160315,James,Brown,2024-05-20 16:46:11,2024-05-22 06:45:31,Legal Costs/Fees,1200,DELIVERED,947
160739,Charlotte,Brown,2024-05-28 16:58:02,2024-05-29 04:59:15,Elder Care,150,DENIED,0
160992,Charlotte,Zamora,2024-05-30 22:26:28,2024-05-31 22:08:04,Legal Costs/Fees,1500,IN-PROGRESS - COMMITTEE,0
161139,Theodore,Miller,2024-06-10 23:07:58,2024-06-12 05:31:39,Elder Care,860,DENIED,0
161794,Henry,Adams,2024-06-21 12:50:11,2024-06-23 06:55:20,Injury/Illness,50,DELIVERED,24
162317,Amelia,Jones,2024-06-30 22:11:51,2024-07-01 02:11:42,Child Care,65,DENIED,0
162523,Harper,Cooper,2024-07-10 04:41:51,2024-07-11 13:18:37,Elder Care,100,DENIED - FIN FITNESS MEETING,0
163257,Charlotte,Zamora,2024-07-20 02:04:09,2024-07-21 23:11:33,Misc.,860,DELIVERED,415
164244,Ava,Williams,2024-07-23 20:08:52,2024-07-25 19:36:22,Child Care,540,APPROVED,388
165180,Emma,Zamora,2024-07-25 07:00:23,2024-07-25 15:07:58,Car Accident,540,DENIED - FIN FITNESS MEETING,0
165837,William,Nguyen,2024-08-04 08:06:27,2024-08-05 05:05:12,Legal Costs/Fees,2500,APPEALED,0
166703,Ava,Zamora,2024-08-04 17:29:33,2024-08-06 08:48:25,Loss of Transportation,2000,APPEALED,0
167179,Harper,Garcia,2024-08-05 12:38:46,2024-08-07 12:34:17,Victim of Crime,120,DENIED - FIN FITNESS MEETING,0
167262,Amelia,Miller,2024-08-08 19:03:16,2024-08-09 00:37:40,Injury/Illness,2000,DELIVERED,2591
168091,Charlotte,Nguyen,2024-08-10 04:59:35,2024-08-11 16:42:09,Misc.,540,DENIED - FIN FITNESS MEETING,0
168277,Harper,Brown,2024-08-12 14:39:06,2024-08-12 16:36:41,Loss of Transportation,800,DELIVERED,382
168628,Harper,Garcia,2024-08-13 18:25:39,2024-08-15 18:21:19,Loss of Residency,105,DENIED - FIN FITNESS MEETING,0
168669,Henry,Hernandez,2024-08-24 17:52:28,2024-08-26 15:31:46,Injury/Illness,50,IN-PROGRESS - APPROVAL,0
169205,Mia,Jones,2024-09-04 05:54:31,2024-09-04 22:44:49,Injury/Illness,550,APPEALED,0
169798,William,Adams,2024-09-08 16:18:45,2024-09-08 18:37:35,Misc.,800,APPROVED,289
170100,Harper,Hernandez,2024-09-13 15:04:06,2024-09-15 06:06:38,Car Accident,150,DELIVERED,46
170296,Lucas,Zamora,2024-09-14 15:31:30,2024-09-15 03:46:38,Child Care,2500,DENIED,0
170846,Amelia,Hernandez,2024-09-23 08:29:25,2024-09-25 06:10:48,Child Care,2000,DELIVERED,1709
171305,Noah,Nguyen,2024-10-03 22:34:04,2024-10-05 10:05:26,Injury/Illness,200,DELIVERED,24
172209,Mia,Cooper,2024-10-09 23:06:04,2024-10-10 10:47:11,Elder Care,105,IN-PROGRESS - APPROVAL,0
172915,Isabella,Adams,2024-10-13 11:17:49,2024-10-13 18:59:36,Loss of Residency,2500,APPEALED,0
173220,Harper,Miller,2024-10-22 16:38:25,2024-10-23 13:18:32,Child Care,2400,DELIVERED,4586
173870,Emma,Garcia,2024-10-28 05:31:18,2024-10-29 02:46:03,Loss of Transportation,2000,APPEALED,0
174437,Mia,Johnson,2024-11-02 09:15:28,2024-11-03 18:35:41,Child Care,2000,IN-PROGRESS - COMMITTEE,0
175219,Harper,Williams,2024-11-03 18:36:25,2024-11-04 04:59:19,Misc.,860,DENIED - FIN FITNESS MEETING,0
175824,Henry,Nguyen,2024-11-04 18:34:16,2024-11-06 08:22:13,Loss of Transportation,120,APPROVED,34
176268,Mia,Adams,2024-11-12 07:44:41,2024-11-13 18:45:22,Loss of Transportation,65,DENIED - FIN FITNESS MEETING,0
177125,William,Williams,2024-11-20 02:56:52,2024-11-21 17:45:49,Car Accident,1500,DENIED,0
178024,Olivia,Cooper,2024-11-27 12:07:32,2024-11-28 19:07:26,Car Accident,100,APPROVED,142
178504,Noah,Nguyen,2024-12-03 07:02:46,2024-12-04 02:09:16,Elder Care,300,IN-PROGRESS - APPROVAL,0
179434,Ava,Nguyen,2024-12-06 23:41:19,2024-12-08 13:04:57,Loss of Transportation,110,DELIVERED,15
180001,Lucas,Nguyen,2024-12-17 08:08:54,2024-12-19 04:18:07,Injury/Illness,800,APPEALED,0
180555,Amelia,Johnson,2024-12-26 06:02:19,2024-12-27 06:12:19,Elder Care,540,DELIVERED,486
181022,Noah,Williams,2024-12-27 20:32:11,2024-12-29 09:08:04,Legal Costs/Fees,300,APPROVED,82
182000,Noah,Nguyen,2025-01-04 01:34:46,2025-01-04 14:27:38,Victim of Crime,600,DENIED - FIN FITNESS MEETING,0
182434,Ava,Jones,2025-01-13 16:14:14,2025-01-14 16:40:55,Loss of Transportation,65,APPROVED,46
183278,Isabella,Hernandez,2025-01-19 03:02:30,2025-01-19 03:28:30,Elder Care,400,IN-PROGRESS - APPROVAL,0
184240,Elijah,Brown,2025-01-19 18:04:19,2025-01-21 06:12:00,Legal Costs/Fees,65,APPROVED,92
184331,Sophia,Jones,2025-01-27 18:23:27,2025-01-28 04:04:34,Legal Costs/Fees,150,DENIED,0
184494,Olivia,Nguyen,2025-02-07 05:11:25,2025-02-07 09:40:08,Car Accident,100,DELIVERED,102
185260,Theodore,Garcia,2025-02-07 12:58:32,2025-02-07 23:15:11,Child Care,1200,DELIVERED,1602
185972,Harper,Miller,2025-02-12 05:11:06,2025-02-13 00:54:07,Car Accident,2000,DENIED,0
186339,Benjamin,Cooper,2025-02-14 23:48:25,2025-02-16 18:18:55,Legal Costs/Fees,550,IN-PROGRESS - APPROVAL,0
186838,Sophia,Williams,2025-02-17 04:21:45,2025-02-19 04:42:05,Injury/Illness,300,DENIED - FIN FITNESS MEETING,0
187331,Mia,Johnson,2025-02-18 23:21:28,2025-02-19 02:26:21,Injury/Illness,100,DENIED - FIN FITNESS MEETING,0
187846,Isabella,Cooper,2025-02-21 00:23:38,2025-02-21 01:59:01,Elder Care,105,APPROVED,26
188573,Benjamin,Hernandez,2025-03-02 09:50:06,2025-03-04 09:14:58,Child Care,2400,APPEALED,0
188850,Lucas,Hernandez,2025-03-06 01:33:13,2025-03-08 00:08:33,Loss of Transportation,860,APPEALED,0
189638,Henry,Zamora,2025-03-12 04:21:09,2025-03-13 01:31:21,Loss of Residency,600,DELIVERED,1073
189677,Liam,Cooper,2025-03-14 23:24:23,2025-03-15 18:35:26,Legal Costs/Fees,1400,DELIVERED,2205
190484,Olivia,Johnson,2025-03-20 16:37:26,2025-03-21 03:00:42,Car Accident,860,APPROVED,550
191289,Elijah,Nguyen,2025-03-26 22:23:12,2025-03-27 13:41:53,Loss of Residency,2400,DENIED,0
192021,Olivia,Brown,2025-04-06 08:23:28,2025-04-07 17:49:55,Car Accident,100,APPEALED,0
192359,Theodore,Williams,2025-04-11 20:57:47,2025-04-12 18:55:27,Car Accident,800,DENIED - FIN FITNESS MEETING,0
193077,Benjamin,Cooper,2025-04-16 01:08:02,2025-04-17 10:47:48,Loss of Transportation,999,DENIED - FIN FITNESS MEETING,0
193984,Charlotte,Adams,2025-04-21 17:29:18,2025-04-22 02:29:53,Elder Care,200,DENIED - FIN FITNESS MEETING,0
194103,Ava,Garcia,2025-05-01 04:48:18,2025-05-01 15:17:33,Injury/Illness,2000,APPEALED,0
194216,Noah,Jones,2025-05-10 11:27:48,2025-05-11 21:30:48,Car Accident,600,IN-PROGRESS - APPROVAL,0
194352,Evelyn,Zamora,2025-05-17 15:48:52,2025-05-19 10:08:22,Victim of Crime,1400,DENIED,0
195194,Amelia,Cooper,2025-05-20 04:41:50,2025-05-20 23:05:49,Elder Care,350,DENIED,0
195319,Liam,Zamora,2025-05-29 06:27:03,2025-05-30 01:24:52,Injury/Illness,110,IN-PROGRESS - APPROVAL,0
196212,Liam,Zamora,2025-06-05 14:01:14,2025-06-06 02:46:07,Victim of Crime,1500,DELIVERED,1568
196826,Elijah,Hernandez,2025-06-13 22:52:12,2025-06-14 07:44:14,Victim of Crime,790,IN-PROGRESS - APPROVAL,0
197429,James,Adams,2025-06-15 21:18:58,2025-06-17 17:29:40,Injury/Illness,300,APPEALED,0
197895,Harper,Hernandez,2025-06-21 21:30:48,2025-06-22 18:21:23,Injury/Illness,105,APPEALED,0
198744,Emma,Miller,2025-06-25 04:31:25,2025-06-25 19:39:27,Elder Care,65,DENIED,0
199200,Olivia,Brown,2025-06-30 23:51:43,2025-07-02 12:35:44,Elder Care,475,DENIED,0
199236,Lucas,Zamora,2025-07-11 08:01:40,2025-07-12 18:09:24,Loss of Transportation,2000,APPEALED,0
200143,Elijah,Nguyen,2025-07-11 14:11:52,2025-07-13 13:06:14,Misc.,900,APPEALED,0
200351,Emma,Nguyen,2025-07-17 04:44:09,2025-07-18 01:22:02,Elder Care,550,DENIED - FIN FITNESS MEETING,0
200812,Evelyn,Hernandez,2025-07-24 14:58:16,2025-07-26 04:52:35,Loss of Residency,650,DENIED,0
201144,William,Brown,2025-07-28 00:36:50,2025-07-29 01:39:35,Misc.,650,APPEALED,0
201922,Elijah,Miller,2025-07-31 04:00:36,2025-07-31 22:55:01,Loss of Residency,100,DENIED,0
202265,James,Brown,2025-08-07 18:52:09,2025-08-09 18:11:02,Injury/Illness,150,DENIED,0
203039,Noah,Jones,2025-08-10 05:46:23,2025-08-11 12:07:28,Loss of Transportation,100,IN-PROGRESS - APPROVAL,0
203583,Olivia,Jones,2025-08-12 13:04:40,2025-08-13 08:07:46,Loss of Transportation,999,APPEALED,0
203811,Liam,Garcia,2025-08-13 23:56:10,2025-08-15 01:48:35,Injury/Illness,1500,APPEALED,0
204558,Elijah,Cooper,2025-08-19 11:23:02,2025-08-21 11:00:14,Loss of Transportation,1500,IN-PROGRESS - COMMITTEE,0
204615,Theodore,Brown,2025-08-21 00:01:18,2025-08-22 00:24:21,Loss of Transportation,540,DELIVERED,579
205250,Noah,Miller,2025-08-27 22:52:38,2025-08-28 17:50:38,Child Care,790,DENIED - FIN FITNESS MEETING,0
205670,Charlotte,Garcia,2025-08-31 03:17:19,2025-09-02 02:05:57,Loss of Residency,300,DENIED - FIN FITNESS MEETING,0
206221,Evelyn,Hernandez,2025-09-08 03:48:28,2025-09-09 17:17:06,Victim of Crime,600,DENIED - FIN FITNESS MEETING,0
206815,Isabella,Adams,2025-09-09 08:24:28,2025-09-10 20:13:19,Car Accident,900,DENIED,0
207686,Lucas,Cooper,2025-09-16 21:41:28,2025-09-17 13:09:38,Child Care,800,DELIVERED,85
207922,Sophia,Miller,2025-09-18 14:13:52,2025-09-19 14:33:29,Injury/Illness,1500,DELIVERED,1008
208737,Evelyn,Adams,2025-09-19 14:04:57,2025-09-20 15:00:22,Misc.,1400,APPROVED,801
209382,Charlotte,Cooper,2025-09-26 12:41:46,2025-09-28 09:28:54,Injury/Illness,860,DELIVERED,96
210291,Benjamin,Zamora,2025-09-29 00:10:15,2025-09-29 22:36:51,Car Accident,105,DENIED,0
210692,Elijah,Hernandez,2025-10-02 10:31:15,2025-10-03 14:54:47,Car Accident,900,DENIED,0
211366,Benjamin,Smith,2025-10-06 03:52:46,2025-10-06 19:34:15,Elder Care,100,APPEALED,0
212030,James,Miller,2025-10-14 21:13:29,2025-10-15 17:35:24,Misc.,50,DELIVERED,27
212308,Theodore,Garcia,2025-10-15 06:35:25,2025-10-16 05:52:23,Elder Care,2000,APPEALED,0
213080,Olivia,Cooper,2025-10-17 20:32:56,2025-10-19 20:46:20,Victim of Crime,65,APPROVED,46
214015,Oliver,Williams,2025-10-24 16:05:33,2025-10-25 02:20:24,Injury/Illness,2000,APPROVED,2877
214150,Henry,Adams,2025-10-29 06:33:41,2025-10-30 02:16:10,Loss of Residency,2500,APPEALED,0
214520,Amelia,Miller,2025-10-31 09:29:51,2025-11-01 04:21:59,Child Care,100,DELIVERED,25
215338,Henry,Jones,2025-11-04 11:24:38,2025-11-04 23:58:39,Loss of Residency,105,APPROVED,105
215690,Mia,Jones,2025-11-09 10:03:51,2025-11-10 07:19:41,Child Care,300,APPEALED,0
216269,Elijah,Johnson,2025-11-13 13:41:52,2025-11-15 11:48:09,Car Accident,50,DELIVERED,43
216278,Henry,Cooper,2025-11-22 06:57:05,2025-11-23 20:03:56,Loss of Residency,350,APPROVED,576
216891,Elijah,Miller,2025-11-25 04:23:48,2025-11-26 02:48:25,Loss of Transportation,225,IN-PROGRESS - APPROVAL,0
217218,Evelyn,Zamora,2025-12-02 23:07:45,2025-12-02 23:30:07,Child Care,1400,IN-PROGRESS - COMMITTEE,0
217804,Charlotte,Smith,2025-12-13 10:03:33,2025-12-14 19:43:44,Victim of Crime,1200,APPROVED,2282
218803,Elijah,Johnson,2025-12-21 10:26:40,2025-12-22 09:35:34,Victim of Crime,225,IN-PROGRESS - APPROVAL,0
219160,Benjamin,Garcia,2025-12-30 07:18:28,2025-12-31 11:09:07,Loss of Residency,200,IN-PROGRESS - APPROVAL,0
219983,Sophia,Garcia,2026-01-04 07:53:13,2026-01-06 02:10:08,Loss of Residency,105,DENIED,0
220535,Evelyn,Smith,2026-01-12 19:58:17,2026-01-13 09:06:05,Legal Costs/Fees,2500,DELIVERED,1026
220910,Henry,Garcia,2026-01-22 02:37:52,2026-01-24 00:04:11,Victim of Crime,200,DENIED,0
221457,Oliver,Miller,2026-01-22 13:32:03,2026-01-23 10:24:08,Injury/Illness,300,DENIED - FIN FITNESS MEETING,0
221806,Amelia,Cooper,2026-01-25 14:53:38,2026-01-26 06:22:34,Elder Care,2000,APPEALED,0
222503,William,Cooper,2026-02-01 18:20:09,2026-02-02 00:15:46,Child Care,600,DENIED,0
222965,Sophia,Williams,2026-02-09 07:10:15,2026-02-10 20:09:32,Loss of Residency,860,DENIED,0
223462,Lucas,Smith,2026-02-18 01:01:02,2026-02-18 22:50:15,Injury/Illness,600,APPEALED,0
224239,Benjamin,Smith,2026-02-20 16:50:35,2026-02-22 04:51:22,Injury/Illness,1400,APPEALED,0
225163,Elijah,Johnson,2026-02-21 10:20:37,2026-02-23 06:53:15,Misc.,110,IN-PROGRESS - APPROVAL,0
225485,Evelyn,Miller,2026-02-28 23:00:39,2026-03-02 06:44:08,Victim of Crime,150,IN-PROGRESS - APPROVAL,0
225836,Elijah,Cooper,2026-03-06 14:52:51,2026-03-08 05:18:19,Car Accident,50,APPEALED,0
226172,James,Hernandez,2026-03-10 11:41:11,2026-03-10 13:52:11,Loss of Residency,150,APPEALED,0
226242,Benjamin,Miller,2026-03-15 05:14:40,2026-03-16 05:20:11,Victim of Crime,300,APPEALED,0
226478,Harper,Williams,2026-03-23 05:55:42,2026-03-23 23:19:11,Loss of Residency,350,APPROVED,531
226897,Oliver,Nguyen,2026-03-30 00:26:06,2026-03-31 02:15:12,Injury/Illness,100,DENIED - FIN FITNESS MEETING,0
227656,Evelyn,Garcia,2026-03-31 05:45:32,2026-04-01 05:48:44,Loss of Residency,1200,APPROVED,773
228402,Elijah,Hernandez,2026-04-01 19:19:51,2026-04-02 09:16:40,Loss of Transportation,200,APPROVED,161
228607,Sophia,Brown,2026-04-05 02:39:22,2026-04-06 04:57:26,Child Care,600,IN-PROGRESS - APPROVAL,0
229534,Mia,Miller,2026-04-11 02:49:34,2026-04-12 08:29:52,Injury/Illness,2500,APPROVED,1638
230275,Isabella,Garcia,2026-04-19 22:45:52,2026-04-21 10:38:13,Loss of Transportation,1200,APPROVED,836
231265,Harper,Hernandez,2026-04-27 10:24:34,2026-04-29 10:51:29,Victim of Crime,1500,APPEALED,0
232249,Olivia,Johnson,2026-05-02 10:54:16,2026-05-04 09:37:39,Victim of Crime,550,APPEALED,0
232944,Charlotte,Miller,2026-05-10 11:29:33,2026-05-11 10:15:49,Car Accident,100,DENIED,0
232951,Liam,Smith,2026-05-10 21:43:12,2026-05-12 08:28:54,Loss of Transportation,105,APPEALED,0
233290,Harper,Hernandez,2026-05-11 20:41:49,2026-05-13 02:43:17,Legal Costs/Fees,650,APPROVED,1100
234248,William,Smith,2026-05-13 06:59:31,2026-05-15 02:30:51,Legal Costs/Fees,540,IN-PROGRESS - APPROVAL,0
235160,Isabella,Garcia,2026-05-23 11:39:21,2026-05-24 15:53:21,Injury/Illness,120,APPEALED,0
235653,James,Garcia,2026-05-24 16:39:41,2026-05-25 09:54:35,Child Care,150,DENIED,0
235875,Evelyn,Miller,2026-06-01 21:11:11,2026-06-03 04:12:49,Loss of Transportation,110,APPEALED,0
236563,Noah,Williams,2026-06-09 04:58:18,2026-06-09 19:49:52,Child Care,350,DENIED - FIN FITNESS MEETING,0
237041,Isabella,Smith,2026-06-16 22:34:11,2026-06-17 23:54:08,Child Care,2400,APPEALED,0
237042,Theodore,Cooper,2026-06-25 03:48:12,2026-06-25 09:19:38,Child Care,540,DENIED,0
237876,James,Johnson,2026-07-02 02:06:53,2026-07-03 00:09:27,Car Accident,120,APPROVED,225
238193,Noah,Miller,2026-07-05 00:17:53,2026-07-06 05:35:35,Injury/Illness,120,APPEALED,0
238833,Mia,Nguyen,2026-07-08 10:52:19,2026-07-08 14:05:56,Loss of Transportation,400,DENIED - FIN FITNESS MEETING,0
239313,Isabella,Brown,2026-07-10 23:45:52,2026-07-11 23:45:21,Victim of Crime,120,DENIED,0
239906,James,Smith,2026-07-16 20:39:06,2026-07-17 16:08:56,Injury/Illness,860,APPROVED,1413
240734,Charlotte,Nguyen,2026-07-19 19:56:07,2026-07-20 18:15:23,Victim of Crime,790,DELIVERED,1391
241203,Noah,Smith,2026-07-28 18:23:06,2026-07-29 16:58:34,Elder Care,400,APPEALED,0
241782,Theodore,Cooper,2026-07-29 06:59:31,2026-07-29 07:41:53,Loss of Residency,600,DENIED - FIN FITNESS MEETING,0
241999,Isabella,Nguyen,2026-08-07 11:40:16,2026-08-07 22:54:08,Injury/Illness,800,DENIED,0
242633,Elijah,Garcia,2026-08-08 17:23:06,2026-08-08 22:32:08,Loss of Residency,650,APPEALED,0
243288,Theodore,Brown,2026-08-10 19:38:57,2026-08-12 10:36:01,Injury/Illness,150,DENIED - FIN FITNESS MEETING,0
243291,Isabella,Williams,2026-08-10 23:49:54,2026-08-12 06:06:44,Victim of Crime,400,DENIED,0
243837,Benjamin,Williams,2026-08-13 03:24:30,2026-08-13 05:24:39,Injury/Illness,2000,DELIVERED,559
244788,Benjamin,Nguyen,2026-08-20 07:45:34,2026-08-20 13:30:01,Legal Costs/Fees,1400,APPROVED,8
245720,Benjamin,Zamora,2026-08-29 10:51:36,2026-08-31 05:05:31,Legal Costs/Fees,800,DENIED - FIN FITNESS MEETING,0
246174,Liam,Miller,2026-09-06 12:31:55,2026-09-08 10:15:51,Victim of Crime,150,DENIED,0
246266,Henry,Jones,2026-09-15 06:11:14,2026-09-16 09:35:30,Injury/Illness,2000,IN-PROGRESS - COMMITTEE,0
246612,Amelia,Brown,2026-09-23 16:02:28,2026-09-24 23:30:27,Legal Costs/Fees,475,DENIED - FIN FITNESS MEETING,0
247283,Benjamin,Smith,2026-10-02 04:36:28,2026-10-03 09:16:30,Elder Care,110,DENIED - FIN FITNESS MEETING,0
247660,Elijah,Brown,2026-10-04 08:27:12,2026-10-05 07:37:06,Legal Costs/Fees,800,IN-PROGRESS - APPROVAL,0
247848,Benjamin,Cooper,2026-10-07 15:45:55,2026-10-08 06:02:03,Misc.,1200,IN-PROGRESS - COMMITTEE,0
248532,Henry,Adams,2026-10-07 21:46:02,2026-10-08 16:21:21,Injury/Illness,2500,APPROVED,3226
249351,Oliver,Smith,2026-10-12 09:47:45,2026-10-13 23:39:41,Victim of Crime,120,APPROVED,169
249817,Sophia,Miller,2026-10-19 10:23:10,2026-10-19 18:06:56,Victim of Crime,1400,DENIED,0
250516,Noah,Nguyen,2026-10-25 10:51:44,2026-10-26 04:09:30,Legal Costs/Fees,475,DENIED,0
251461,Noah,Adams,2026-10-26 18:58:27,2026-10-27 03:45:32,Misc.,650,DENIED,0
251798,Liam,Zamora,2026-11-02 20:07:08,2026-11-04 17:01:00,Loss of Residency,550,APPROVED,380
251874,Amelia,Brown,2026-11-04 21:43:02,2026-11-06 14:01:34,Loss of Transportation,1400,APPROVED,23
252151,Sophia,Zamora,2026-11-13 16:44:01,2026-11-13 22:40:22,Misc.,110,DENIED - FIN FITNESS MEETING,0
252516,Harper,Smith,2026-11-19 19:45:45,2026-11-20 20:45:53,Car Accident,900,APPEALED,0
253259,Henry,Brown,2026-11-21 21:51:12,2026-11-22 10:14:08,Misc.,800,DENIED,0
253458,Evelyn,Cooper,2026-11-28 11:01:16,2026-11-29 03:50:30,Child Care,2000,IN-PROGRESS - COMMITTEE,0
254331,Harper,Cooper,2026-11-29 04:46:44,2026-12-01 01:29:31,Car Accident,300,APPROVED,493
254827,Benjamin,Smith,2026-11-29 21:05:03,2026-11-30 05:13:38,Car Accident,860,DENIED - FIN FITNESS MEETING,0
255663,Liam,Zamora,2026-11-30 22:08:40,2026-12-01 07:54:52,Car Accident,400,DELIVERED,585
256552,William,Cooper,2026-12-05 15:25:41,2026-12-06 06:17:15,Elder Care,225,DENIED,0
257496,Noah,Zamora,2026-12-10 14:31:58,2026-12-10 20:56:27,Elder Care,200,DENIED,0
257950,Elijah,Miller,2026-12-18 15:15:43,2026-12-19 20:31:52,Loss of Transportation,450,DENIED,0
258526,Benjamin,Jones,2026-12-18 15:52:41,2026-12-19 19:14:21,Elder Care,1400,DENIED,0
258996,Amelia,Williams,2026-12-20 15:44:55,2026-12-22 15:36:19,Child Care,475,APPEALED,0
259493,Isabella,Cooper,2026-12-23 03:34:24,2026-12-23 08:05:30,Loss of Transportation,2500,DELIVERED,2844
260321,Lucas,Smith,2026-12-29 06:28:02,2026-12-31 03:43:53,Elder Care,200,APPROVED,192
261101,Theodore,Zamora,2027-01-02 00:59:08,2027-01-03 01:54:10,Misc.,860,DELIVERED,400
261911,Ava,Nguyen,2027-01-04 12:56:50,2027-01-04 14:29:21,Injury/Illness,540,APPEALED,0
262055,James,Garcia,2027-01-14 13:23:22,2027-01-15 10:12:23,Loss of Residency,110,DENIED - FIN FITNESS MEETING,0
262572,Isabella,Smith,2027-01-20 12:28:28,2027-01-21 09:40:46,Victim of Crime,110,IN-PROGRESS - APPROVAL,0
262944,Sophia,Hernandez,2027-01-24 15:57:04,2027-01-26 11:45:46,Elder Care,150,APPEALED,0
263708,Theodore,Nguyen,2027-02-01 00:50:09,2027-02-01 23:21:48,Car Accident,650,DELIVERED,1078
264006,Oliver,Adams,2027-02-06 13:54:58,2027-02-07 22:04:54,Injury/Illness,100,IN-PROGRESS - APPROVAL,0
264834,Ava,Smith,2027-02-08 13:17:11,2027-02-10 07:21:19,Victim of Crime,1200,DENIED,0
264986,Harper,Miller,2027-02-16 08:01:22,2027-02-17 16:18:45,Victim of Crime,2500,DELIVERED,1699
265618,Henry,Smith,2027-02-22 04:55:21,2027-02-23 04:48:13,Elder Care,475,DELIVERED,877
265941,Evelyn,Nguyen,2027-02-23 00:28:45,2027-02-23 02:42:31,Injury/Illness,900,DELIVERED,1336
266273,Elijah,Brown,2027-03-02 20:48:19,2027-03-04 01:39:45,Loss of Transportation,650,DENIED - FIN FITNESS MEETING,0
266827,Elijah,Garcia,2027-03-06 07:05:45,2027-03-06 20:37:40,Loss of Residency,50,IN-PROGRESS - APPROVAL,0
267229,Benjamin,Cooper,2027-03-14 07:50:50,2027-03-14 20:09:41,Child Care,1200,DENIED,0
267585,Isabella,Brown,2027-03-17 21:44:09,2027-03-18 07:12:01,Elder Care,800,APPROVED,1306
268383,Amelia,Adams,2027-03-26 21:27:32,2027-03-27 00:10:36,Victim of Crime,400,DENIED,0
269114,Sophia,Nguyen,2027-03-27 08:29:32,2027-03-29 03:30:49,Injury/Illness,1400,APPROVED,1379
269340,Liam,Johnson,2027-04-02 19:12:51,2027-04-03 17:22:27,Elder Care,600,APPEALED,0
269663,William,Adams,2027-04-07 15:42:42,2027-04-08 00:07:08,Loss of Transportation,540,DENIED,0
270513,Lucas,Brown,2027-04-12 14:58:59,2027-04-13 20:03:08,Elder Care,2000,DENIED,0
270706,Oliver,Johnson,2027-04-14 05:16:54,2027-04-15 17:38:07,Loss of Residency,1400,DENIED,0
270747,Noah,Hernandez,2027-04-23 15:45:02,2027-04-24 19:26:44,Injury/Illness,475,APPROVED,147
271237,Emma,Zamora,2027-04-28 21:35:40,2027-04-30 06:46:25,Victim of Crime,540,DENIED,0
271824,Sophia,Hernandez,2027-05-07 21:43:16,2027-05-09 12:29:52,Legal Costs/Fees,200,IN-PROGRESS - APPROVAL,0
272483,Isabella,Nguyen,2027-05-14 07:54:10,2027-05-15 14:43:00,Loss of Transportation,550,DENIED,0
273372,Oliver,Smith,2027-05-21 03:10:00,2027-05-21 13:40:36,Legal Costs/Fees,540,DENIED,0
274118,Theodore,Jones,2027-05-30 15:02:14,2027-05-31 15:33:55,Loss of Transportation,600,DENIED - FIN FITNESS MEETING,0
275024,Ava,Adams,2027-06-04 20:29:35,2027-06-06 04:59:47,Legal Costs/Fees,2400,APPEALED,0
275574,Sophia,Williams,2027-06-11 11:22:23,2027-06-12 15:12:44,Misc.,1200,IN-PROGRESS - COMMITTEE,0
276210,Henry,Miller,2027-06-14 16:19:49,2027-06-15 18:45:03,Misc.,2400,IN-PROGRESS - COMMITTEE,0
276498,William,Williams,2027-06-16 16:27:44,2027-06-18 14:11:04,Loss of Residency,790,DELIVERED,342
276505,Henry,Miller,2027-06-24 07:55:45,2027-06-24 22:57:45,Child Care,1200,DELIVERED,535
276661,Lucas,Brown,2027-06-27 03:24:34,2027-06-28 09:15:48,Misc.,225,DENIED - FIN FITNESS MEETING,0
277250,Noah,Smith,2027-07-03 17:58:02,2027-07-04 20:47:39,Elder Care,2500,DENIED,0
277595,Mia,Smith,2027-07-14 13:31:43,2027-07-16 06:19:07,Elder Care,790,APPEALED,0
278243,Sophia,Garcia,2027-07-15 04:47:07,2027-07-15 19:28:49,Child Care,350,APPROVED,15
278912,Amelia,Johnson,2027-07-18 13:31:15,2027-07-19 17:38:32,Elder Care,800,APPROVED,1298
279609,Noah,Smith,2027-07-25 20:09:21,2027-07-27 19:59:53,Loss of Residency,150,DENIED,0
280204,Charlotte,Johnson,2027-07-28 23:25:59,2027-07-30 14:43:28,Car Accident,105,DENIED,0
280608,Theodore,Nguyen,2027-08-01 14:50:09,2027-08-02 19:36:48,Elder Care,790,DENIED - FIN FITNESS MEETING,0
280996,Harper,Johnson,2027-08-10 10:54:35,2027-08-11 06:24:28,Car Accident,400,IN-PROGRESS - APPROVAL,0
281674,Elijah,Miller,2027-08-19 07:26:33,2027-08-19 13:40:21,Misc.,550,DENIED - FIN FITNESS MEETING,0
282158,Liam,Nguyen,2027-08-22 00:48:43,2027-08-23 06:04:56,Misc.,2000,APPROVED,3249
283033,Lucas,Cooper,2027-08-27 20:55:44,2027-08-29 10:03:47,Loss of Residency,225,APPROVED,446
283088,Sophia,Garcia,2027-09-01 15:48:53,2027-09-01 15:49:56,Elder Care,300,IN-PROGRESS - APPROVAL,0
283856,Benjamin,Smith,2027-09-09 16:18:00,2027-09-09 17:59:30,Elder Care,200,DENIED,0
284651,Harper,Williams,2027-09-15 04:56:32,2027-09-17 02:10:43,Elder Care,2000,DELIVERED,2593
285493,Noah,Adams,2027-09-19 04:51:31,2027-09-19 17:53:46,Misc.,860,APPEALED,0
285744,Oliver,Adams,2027-09-21 08:13:04,2027-09-23 07:39:21,Loss of Residency,900,APPEALED,0
285844,Isabella,Hernandez,2027-09-23 05:31:42,2027-09-23 06:37:45,Elder Care,600,IN-PROGRESS - APPROVAL,0
286753,Elijah,Cooper,2027-09-29 02:23:56,2027-09-29 13:31:46,Injury/Illness,600,APPEALED,0
286838,Ava,Adams,2027-10-04 06:12:53,2027-10-06 05:32:07,Loss of Residency,650,DENIED,0
287446,Henry,Adams,2027-10-11 07:05:05,2027-10-12 11:58:59,Victim of Crime,900,IN-PROGRESS - APPROVAL,0
287472,Evelyn,Johnson,2027-10-18 07:37:15,2027-10-19 06:59:31,Loss of Residency,400,IN-PROGRESS - APPROVAL,0
287637,Theodore,Jones,2027-10-26 11:11:14,2027-10-27 03:08:57,Loss of Transportation,300,DELIVERED,216
287775,Noah,Jones,2027-11-02 10:11:21,2027-11-02 17:50:02,Elder Care,2500,DELIVERED,3628
287911,Oliver,Johnson,2027-11-06 07:31:20,2027-11-06 13:59:39,Loss of Residency,999,APPEALED,0
288612,Theodore,Hernandez,2027-11-14 17:20:52,2027-11-16 09:15:41,Elder Care,400,DENIED,0
288996,William,Zamora,2027-11-16 18:24:10,2027-11-16 19:43:58,Loss of Transportation,790,DENIED - FIN FITNESS MEETING,0
289307,William,Nguyen,2027-11-17 23:08:48,2027-11-19 22:24:20,Legal Costs/Fees,800,DELIVERED,941
289770,Isabella,Williams,2027-11-22 01:07:12,2027-11-22 02:49:42,Loss of Transportation,860,APPROVED,160
290519,Charlotte,Hernandez,2027-11-27 19:39:20,2027-11-29 01:06:06,Legal Costs/Fees,2400,IN-PROGRESS - COMMITTEE,0
290878,William,Cooper,2027-11-28 13:14:50,2027-11-28 14:14:18,Victim of Crime,2500,DELIVERED,222
291147,James,Garcia,2027-12-03 10:54:29,2027-12-04 19:23:40,Elder Care,860,APPEALED,0
292113,Harper,Johnson,2027-12-14 03:39:12,2027-12-14 11:06:07,Victim of Crime,350,IN-PROGRESS - APPROVAL,0
292260,James,Hernandez,2027-12-21 08:20:51,2027-12-21 14:54:51,Loss of Residency,100,APPEALED,0
292489,Sophia,Smith,2027-12-23 09:45:15,2027-12-23 10:57:01,Child Care,225,DENIED,0
292765,Noah,Johnson,2027-12-24 03:26:13,2027-12-25 19:48:30,Legal Costs/Fees,100,IN-PROGRESS - APPROVAL,0
293423,Oliver,Johnson,2027-12-29 16:27:27,2027-12-29 17:41:26,Victim of Crime,860,IN-PROGRESS - APPROVAL,0
294252,Henry,Smith,2028-01-08 17:31:20,2028-01-10 09:03:17,Child Care,999,APPEALED,0
294836,Benjamin,Adams,2028-01-08 23:19:58,2028-01-10 06:08:59,Loss of Transportation,900,APPROVED,386
295466,Lucas,Williams,2028-01-10 14:29:07,2028-01-11 14:42:53,Loss of Transportation,900,DENIED - FIN FITNESS MEETING,0
296135,Henry,Williams,2028-01-14 01:44:26,2028-01-15 10:12:00,Car Accident,2000,APPEALED,0
296524,Lucas,Brown,2028-01-22 11:17:22,2028-01-22 18:09:43,Loss of Residency,650,DELIVERED,220
297472,Emma,Cooper,2028-01-25 04:14:30,2028-01-26 04:53:04,Injury/Illness,2500,APPROVED,1600
298386,Harper,Brown,2028-02-03 05:15:15,2028-02-05 00:43:22,Elder Care,100,APPEALED,0
298890,Lucas,Smith,2028-02-06 20:21:27,2028-02-07 15:21:07,Legal Costs/Fees,450,APPROVED,60
299130,Noah,Smith,2028-02-12 22:40:20,2028-02-14 13:34:02,Loss of Transportation,200,APPROVED,188
299548,Henry,Nguyen,2028-02-16 21:17:54,2028-02-17 21:21:01,Car Accident,120,DENIED,0
300004,Henry,Williams,2028-02-18 05:42:16,2028-02-19 06:32:36,Loss of Transportation,900,DENIED,0
300348,Oliver,Brown,2028-02-29 02:02:43,2028-03-01 23:40:28,Victim of Crime,900,APPROVED,1062
301284,Olivia,Smith,2028-03-10 12:07:58,2028-03-10 13:23:02,Loss of Transportation,200,DENIED - FIN FITNESS MEETING,0
301878,James,Miller,2028-03-16 13:53:04,2028-03-16 19:32:40,Child Care,800,APPEALED,0
302644,Noah,Jones,2028-03-24 12:17:04,2028-03-25 06:41:41,Victim of Crime,200,APPEALED,0
303532,William,Miller,2028-03-29 07:27:28,2028-03-30 04:42:31,Loss of Transportation,2000,APPROVED,264
303941,Liam,Smith,2028-04-02 11:49:35,2028-04-03 09:21:16,Misc.,2000,APPEALED,0
304754,Charlotte,Williams,2028-04-11 09:50:43,2028-04-13 02:05:15,Victim of Crime,150,DENIED,0
304756,James,Nguyen,2028-04-17 04:51:51,2028-04-17 20:11:52,Victim of Crime,400,APPEALED,0
305240,Harper,Brown,2028-04-25 13:26:20,2028-04-27 04:27:41,Injury/Illness,50,IN-PROGRESS - APPROVAL,0
306118,Evelyn,Cooper,2028-05-05 12:27:41,2028-05-05 23:35:29,Child Care,540,APPROVED,82
306733,Ava,Brown,2028-05-10 01:18:52,2028-05-10 18:54:21,Car Accident,450,DELIVERED,453
307082,Ava,Miller,2028-05-16 00:39:53,2028-05-16 03:39:36,Child Care,2000,IN-PROGRESS - COMMITTEE,0
307547,Amelia,Adams,2028-05-20 16:01:41,2028-05-21 12:41:59,Loss of Transportation,1200,DELIVERED,1203
307903,Isabella,Williams,2028-05-22 07:40:52,2028-05-24 06:34:25,Child Care,2500,IN-PROGRESS - COMMITTEE,0
307974,Harper,Adams,2028-05-29 21:30:29,2028-05-29 21:55:34,Loss of Residency,450,DENIED,0
308654,Evelyn,Cooper,2028-06-01 11:52:32,2028-06-03 09:19:00,Elder Care,2000,APPROVED,3798
308738,Evelyn,Garcia,2028-06-03 12:39:48,2028-06-04 16:57:59,Legal Costs/Fees,790,APPEALED,0
309578,Benjamin,Zamora,2028-06-03 22:50:27,2028-06-05 04:52:50,Victim of Crime,400,APPEALED,0
310268,Henry,Williams,2028-06-14 09:21:08,2028-06-15 06:51:51,Elder Care,300,APPROVED,576
311056,Henry,Jones,2028-06-25 09:31:20,2028-06-25 10:42:43,Elder Care,900,DELIVERED,1727
311331,Liam,Nguyen,2028-06-28 20:45:28,2028-06-29 03:00:00,Misc.,300,DENIED,0
312131,Liam,Jones,2028-07-04 08:35:54,2028-07-05 16:11:08,Loss of Residency,110,DELIVERED,27
313034,Mia,Hernandez,2028-07-10 18:18:12,2028-07-11 12:14:22,Loss of Residency,450,APPROVED,640
313661,Theodore,Hernandez,2028-07-19 07:29:13,2028-07-21 06:59:46,Loss of Residency,1200,APPROVED,1059
314210,Sophia,Nguyen,2028-07-19 12:28:42,2028-07-20 11:36:21,Loss of Transportation,999,APPROVED,71
314886,Amelia,Williams,2028-07-25 07:00:21,2028-07-26 10:33:44,Victim of Crime,550,DENIED,0
315288,Emma,Williams,2028-07-30 00:10:09,2028-07-30 01:02:08,Loss of Transportation,550,APPROVED,567
316223,Ava,Williams,2028-08-04 20:44:14,2028-08-05 21:16:24,Loss of Transportation,350,DENIED,0
316533,Amelia,Miller,2028-08-06 21:19:45,2028-08-07 13:56:21,Child Care,900,APPEALED,0
316997,Emma,Johnson,2028-08-10 10:23:18,2028-08-10 11:30:34,Loss of Transportation,1400,DENIED,0
317997,Elijah,Miller,2028-08-17 00:05:44,2028-08-18 05:52:44,Injury/Illness,475,DENIED - FIN FITNESS MEETING,0
318610,Isabella,Miller,2028-08-25 11:07:23,2028-08-26 01:07:14,Loss of Transportation,150,DENIED - FIN FITNESS MEETING,0
318896,Liam,Zamora,2028-08-29 00:40:34,2028-08-30 13:01:26,Loss of Residency,2500,APPEALED,0
319248,Lucas,Johnson,2028-09-04 01:36:01,2028-09-05 23:00:52,Loss of Residency,400,IN-PROGRESS - APPROVAL,0
320012,Harper,Miller,2028-09-09 06:59:13,2028-09-11 00:17:19,Elder Care,2000,DELIVERED,392
320181,Amelia,Nguyen,2028-09-11 16:50:52,2028-09-13 14:11:19,Loss of Residency,790,DELIVERED,1161
321108,Benjamin,Nguyen,2028-09-17 18:20:49,2028-09-18 02:59:46,Legal Costs/Fees,65,IN-PROGRESS - APPROVAL,0
321225,Emma,Zamora,2028-09-27 19:14:51,2028-09-28 03:03:42,Loss of Residency,150,DELIVERED,152
321293,Olivia,Garcia,2028-09-27 21:34:35,2028-09-28 08:40:47,Car Accident,65,DELIVERED,121
321691,Sophia,Brown,2028-10-02 02:07:27,2028-10-03 15:20:57,Misc.,999,APPROVED,1189
322399,Henry,Adams,2028-10-03 03:44:46,2028-10-03 13:14:44,Loss of Residency,150,APPEALED,0
323198,William,Nguyen,2028-10-12 09:03:33,2028-10-14 04:35:08,Car Accident,860,APPROVED,541
323710,Charlotte,Garcia,2028-10-22 05:59:00,2028-10-23 17:42:30,Victim of Crime,600,DENIED,0
324106,Isabella,Garcia,2028-10-22 15:18:30,2028-10-23 01:01:14,Victim of Crime,540,DELIVERED,230
324203,Isabella,Adams,2028-10-29 02:25:08,2028-10-30 09:03:18,Car Accident,110,DELIVERED,159
324583,Evelyn,Johnson,2028-11-05 03:46:27,2028-11-05 16:11:17,Injury/Illness,1500,APPROVED,2635
325535,Elijah,Garcia,2028-11-06 16:28:28,2028-11-07 06:07:15,Elder Care,2000,APPEALED,0
325865,Ava,Miller,2028-11-17 02:22:56,2028-11-18 10:21:44,Child Care,105,APPEALED,0
326011,Benjamin,Hernandez,2028-11-21 18:46:28,2028-11-22 20:44:54,Child Care,900,DELIVERED,1484
326235,Isabella,Adams,2028-11-27 20:40:45,2028-11-28 11:07:36,Child Care,105,DENIED - FIN FITNESS MEETING,0
327171,James,Jones,2028-12-06 16:39:40,2028-12-07 02:25:02,Loss of Transportation,800,DELIVERED,923
327484,Theodore,Garcia,2028-12-13 17:55:15,2028-12-14 14:15:29,Loss of Residency,1400,DENIED,0
328218,Liam,Williams,2028-12-22 06:55:54,2028-12-22 11:13:39,Child Care,400,APPROVED,743
328904,Noah,Garcia,2028-12-31 13:14:40,2029-01-01 19:58:57,Child Care,475,IN-PROGRESS - APPROVAL,0
329108,Charlotte,Nguyen,2029-01-02 09:22:07,2029-01-02 21:36:36,Loss of Residency,300,IN-PROGRESS - APPROVAL,0
329317,Amelia,Hernandez,2029-01-10 23:14:37,2029-01-12 00:39:32,Misc.,110,IN-PROGRESS - APPROVAL,0
329763,Lucas,Garcia,2029-01-20 23:08:59,2029-01-22 10:42:45,Misc.,600,IN-PROGRESS - APPROVAL,0
330108,Mia,Jones,2029-01-30 16:50:34,2029-02-01 14:09:36,Loss of Residency,350,DELIVERED,650
330568,Henry,Garcia,2029-02-10 14:11:38,2029-02-11 02:44:56,Misc.,1400,APPROVED,2062
331397,Elijah,Zamora,2029-02-11 21:04:01,2029-02-13 17:15:28,Car Accident,999,APPEALED,0
331520,James,Cooper,2029-02-20 07:58:28,2029-02-21 05:52:22,Injury/Illness,900,IN-PROGRESS - APPROVAL,0
331894,Isabella,Smith,2029-02-28 02:03:18,2029-03-01 13:08:36,Injury/Illness,1500,DELIVERED,1962
332375,Emma,Garcia,2029-03-01 05:23:59,2029-03-02 13:35:54,Car Accident,225,IN-PROGRESS - APPROVAL,0
332831,James,Zamora,2029-03-10 05:27:43,2029-03-11 15:43:36,Injury/Illness,200,DENIED,0
333006,Harper,Zamora,2029-03-13 18:15:46,2029-03-14 23:31:21,Loss of Residency,2400,APPROVED,3431
333217,Elijah,Brown,2029-03-22 15:05:55,2029-03-23 02:03:20,Victim of Crime,100,DENIED - FIN FITNESS MEETING,0
334039,Amelia,Smith,2029-03-24 00:17:02,2029-03-25 23:45:29,Elder Care,900,DELIVERED,248
334739,Sophia,Adams,2029-03-25 08:11:24,2029-03-26 17:08:10,Loss of Residency,999,IN-PROGRESS - APPROVAL,0
335270,Noah,Johnson,2029-03-28 03:19:50,2029-03-30 01:21:14,Injury/Illness,450,DENIED,0
335802,Charlotte,Jones,2029-03-29 15:05:14,2029-03-31 12:07:59,Car Accident,200,DELIVERED,344
336229,Noah,Nguyen,2029-04-02 03:28:56,2029-04-03 20:40:06,Loss of Transportation,450,DENIED,0
336374,Elijah,Johnson,2029-04-03 09:07:48,2029-04-04 22:36:41,Victim of Crime,2500,APPROVED,3243
336600,Sophia,Brown,2029-04-05 10:02:56,2029-04-06 13:46:34,Misc.,900,APPROVED,449
336702,Oliver,Jones,2029-04-07 15:24:07,2029-04-09 06:52:45,Child Care,860,APPEALED,0
337538,Sophia,Johnson,2029-04-18 00:56:16,2029-04-19 04:30:49,Injury/Illness,475,DENIED - FIN FITNESS MEETING,0
337850,Mia,Nguyen,2029-04-22 11:52:41,2029-04-23 21:47:36,Injury/Illness,600,APPROVED,290
338374,William,Smith,2029-04-29 10:45:40,2029-05-01 05:27:10,Loss of Transportation,150,DELIVERED,270
339213,Harper,Adams,2029-05-01 01:36:07,2029-05-02 23:35:48,Child Care,1500,APPROVED,391
339818,Liam,Garcia,2029-05-10 03:01:09,2029-05-10 08:17:20,Injury/Illness,2000,DENIED,0
340674,Henry,Zamora,2029-05-20 06:07:01,2029-05-21 22:28:56,Elder Care,225,APPROVED,101
341524,Ava,Hernandez,2029-05-28 11:06:43,2029-05-29 08:52:37,Elder Care,450,APPROVED,420
341779,Amelia,Johnson,2029-05-31 10:15:43,2029-06-02 01:09:14,Loss of Residency,1400,DENIED,0
341804,Elijah,Miller,2029-05-31 20:01:32,2029-06-02 03:14:12,Loss of Residency,540,DELIVERED,482
342072,William,Smith,2029-06-05 00:49:32,2029-06-05 22:40:32,Misc.,650,DENIED,0
342722,Amelia,Jones,2029-06-06 01:00:24,2029-06-06 22:27:54,Loss of Transportation,999,DENIED - FIN FITNESS MEETING,0
343527,Isabella,Smith,2029-06-10 15:15:27,2029-06-10 18:57:36,Elder Care,2500,DELIVERED,663
344016,Isabella,Cooper,2029-06-14 04:37:50,2029-06-16 04:28:03,Misc.,550,IN-PROGRESS - APPROVAL,0
344695,Liam,Jones,2029-06-18 10:12:03,2029-06-18 23:14:39,Injury/Illness,650,APPROVED,495
344747,Charlotte,Jones,2029-06-26 12:40:35,2029-06-27 06:03:27,Victim of Crime,350,DENIED,0
345552,Harper,Hernandez,2029-06-28 21:41:42,2029-06-29 12:34:48,Legal Costs/Fees,450,IN-PROGRESS - APPROVAL,0
345682,Harper,Miller,2029-07-05 03:47:30,2029-07-06 13:03:25,Loss of Transportation,540,IN-PROGRESS - APPROVAL,0
346495,Noah,Cooper,2029-07-05 12:21:53,2029-07-05 22:45:20,Car Accident,105,DENIED - FIN FITNESS MEETING,0
347074,Isabella,Johnson,2029-07-14 01:31:11,2029-07-15 19:51:22,Elder Care,475,DENIED,0
347354,Oliver,Williams,2029-07-22 08:17:05,2029-07-22 15:58:43,Elder Care,50,DENIED,0
347711,Charlotte,Miller,2029-07-23 00:26:08,2029-07-24 18:39:36,Loss of Residency,450,APPROVED,282
347898,Isabella,Johnson,2029-07-24 07:46:15,2029-07-24 14:51:29,Misc.,900,DELIVERED,914
348660,Ava,Smith,2029-08-02 20:06:15,2029-08-03 20:24:26,Car Accident,150,APPROVED,255
349592,William,Williams,2029-08-10 02:35:59,2029-08-11 07:01:15,Misc.,475,IN-PROGRESS - APPROVAL,0
350297,Oliver,Johnson,2029-08-19 03:23:33,2029-08-20 05:52:26,Loss of Transportation,1500,APPEALED,0
351050,Ava,Brown,2029-08-25 09:03:48,2029-08-26 23:39:33,Loss of Transportation,65,APPROVED,2
351329,Noah,Adams,2029-08-31 03:22:25,2029-09-01 20:10:41,Loss of Transportation,800,DENIED - FIN FITNESS MEETING,0
352315,Olivia,Adams,2029-09-04 04:35:21,2029-09-05 06:36:03,Loss of Residency,105,APPROVED,2
352862,James,Zamora,2029-09-08 11:15:29,2029-09-09 17:32:10,Loss of Transportation,400,APPROVED,689
353729,Liam,Jones,2029-09-10 19:35:32,2029-09-12 02:59:32,Legal Costs/Fees,225,DENIED,0
354692,Noah,Garcia,2029-09-20 20:22:55,2029-09-21 07:15:49,Loss of Residency,100,DELIVERED,156
354739,Oliver,Miller,2029-09-25 06:26:05,2029-09-25 09:51:35,Legal Costs/Fees,475,DELIVERED,807
355349,Emma,Williams,2029-09-27 17:50:19,2029-09-27 23:07:45,Loss of Residency,540,IN-PROGRESS - APPROVAL,0
355731,Lucas,Hernandez,2029-10-05 21:20:33,2029-10-06 16:19:55,Loss of Transportation,1400,DENIED,0
356483,Olivia,Brown,2029-10-11 07:28:46,2029-10-11 14:32:44,Injury/Illness,650,DENIED - FIN FITNESS MEETING,0
357172,Henry,Adams,2029-10-13 15:15:39,2029-10-15 15:54:30,Loss of Transportation,450,APPROVED,817
357832,Charlotte,Adams,2029-10-23 17:04:05,2029-10-23 20:55:43,Misc.,860,DENIED - FIN FITNESS MEETING,0
358165,James,Brown,2029-11-03 06:38:16,2029-11-04 23:34:29,Elder Care,900,DENIED,0
358199,Ava,Miller,2029-11-08 12:09:08,2029-11-10 06:05:55,Car Accident,350,APPROVED,226
358280,Amelia,Zamora,2029-11-14 16:34:19,2029-11-15 22:20:58,Elder Care,1500,DELIVERED,2557
358680,Noah,Hernandez,2029-11-21 04:56:55,2029-11-22 14:44:41,Loss of Residency,65,APPEALED,0
359426,Amelia,Adams,2029-12-01 13:26:55,2029-12-03 04:34:14,Injury/Illness,1500,DELIVERED,1584
359992,Harper,Nguyen,2029-12-12 01:45:01,2029-12-13 10:41:29,Car Accident,475,IN-PROGRESS - APPROVAL,0
360573,Benjamin,Nguyen,2029-12-18 06:28:04,2029-12-18 15:36:14,Misc.,225,DENIED - FIN FITNESS MEETING,0
361282,Noah,Cooper,2029-12-29 02:02:22,2029-12-30 15:12:34,Child Care,150,APPROVED,101
361564,Emma,Garcia,2030-01-04 02:37:52,2030-01-06 03:11:25,Misc.,1400,IN-PROGRESS - COMMITTEE,0
362320,Isabella,Jones,2030-01-14 12:10:00,2030-01-15 00:27:22,Injury/Illness,650,DELIVERED,34
362411,Lucas,Williams,2030-01-24 02:49:14,2030-01-25 23:46:34,Elder Care,550,DELIVERED,923
363355,Isabella,Williams,2030-02-03 05:40:13,2030-02-05 03:57:13,Child Care,400,DENIED - FIN FITNESS MEETING,0
363788,Liam,Nguyen,2030-02-04 18:45:31,2030-02-06 12:31:00,Loss of Residency,800,DELIVERED,94
363890,Sophia,Williams,2030-02-06 03:19:52,2030-02-06 19:16:01,Misc.,600,DENIED - FIN FITNESS MEETING,0
364850,William,Nguyen,2030-02-07 05:25:42,2030-02-07 06:57:37,Misc.,120,APPEALED,0
365640,James,Smith,2030-02-13 20:10:54,2030-02-14 05:00:44,Misc.,2500,DENIED,0
366412,Charlotte,Garcia,2030-02-15 00:28:53,2030-02-15 15:12:07,Child Care,110,DENIED - FIN FITNESS MEETING,0
366749,Evelyn,Miller,2030-02-23 03:50:36,2030-02-24 21:14:32,Loss of Residency,150,DENIED - FIN FITNESS MEETING,0
367029,Amelia,Johnson,2030-03-02 11:55:14,2030-03-02 23:05:22,Car Accident,1400,APPEALED,0
367185,Olivia,Cooper,2030-03-03 12:19:24,2030-03-05 10:51:51,Loss of Residency,225,APPEALED,0
367716,Sophia,Zamora,2030-03-11 21:20:35,2030-03-13 18:03:49,Elder Care,450,DENIED,0
368583,Oliver,Adams,2030-03-13 06:14:12,2030-03-14 16:52:34,Injury/Illness,120,APPEALED,0
368980,Harper,Hernandez,2030-03-22 10:06:30,2030-03-22 15:10:36,Misc.,1200,DENIED,0
369420,Charlotte,Adams,2030-03-23 16:01:43,2030-03-25 05:44:53,Victim of Crime,300,DELIVERED,578
370005,Amelia,Zamora,2030-03-28 07:29:18,2030-03-28 13:09:17,Loss of Residency,50,APPEALED,0
370054,Amelia,Smith,2030-04-02 01:11:51,2030-04-03 05:03:22,Car Accident,350,DENIED,0
370682,William,Garcia,2030-04-07 21:55:54,2030-04-09 09:00:58,Injury/Illness,2000,DELIVERED,1572
371568,Isabella,Williams,2030-04-08 07:10:49,2030-04-09 15:42:06,Legal Costs/Fees,2000,APPROVED,1979
372207,Liam,Brown,2030-04-10 20:04:53,2030-04-12 05:26:02,Misc.,2400,IN-PROGRESS - COMMITTEE,0
372519,Harper,Miller,2030-04-17 16:12:24,2030-04-19 02:13:05,Legal Costs/Fees,110,DELIVERED,25
373322,Oliver,Garcia,2030-04-27 04:12:41,2030-04-29 04:43:40,Elder Care,400,DENIED,0
373888,Mia,Smith,2030-04-30 16:51:40,2030-05-01 10:18:36,Legal Costs/Fees,300,DELIVERED,277
374594,Ava,Garcia,2030-05-10 07:57:38,2030-05-10 11:06:02,Loss of Transportation,540,APPEALED,0
374797,Ava,Hernandez,2030-05-20 08:27:59,2030-05-21 12:21:47,Elder Care,790,DENIED,0
375758,Mia,Adams,2030-05-30 09:58:59,2030-06-01 01:25:48,Injury/Illness,120,DENIED,0
375830,Lucas,Hernandez,2030-06-01 10:33:59,2030-06-01 13:30:59,Car Accident,2000,DENIED,0
376241,Elijah,Miller,2030-06-08 18:03:20,2030-06-09 13:00:29,Loss of Transportation,1400,APPEALED,0
376489,Ava,Johnson,2030-06-10 18:31:31,2030-06-11 11:17:00,Loss of Transportation,1500,DELIVERED,636
377308,William,Garcia,2030-06-15 12:08:25,2030-06-17 07:35:25,Car Accident,2000,DELIVERED,145
377483,Charlotte,Garcia,2030-06-23 09:56:14,2030-06-24 05:39:21,Legal Costs/Fees,225,DELIVERED,335
378364,Emma,Brown,2030-06-30 19:13:07,2030-07-02 13:50:01,Car Accident,600,DENIED - FIN FITNESS MEETING,0
378890,Charlotte,Nguyen,2030-07-09 10:08:42,2030-07-11 04:43:01,Loss of Residency,2000,DENIED,0
379701,Noah,Zamora,2030-07-12 22:05:48,2030-07-14 00:13:12,Loss of Residency,50,APPEALED,0
379780,Liam,Zamora,2030-07-16 22:13:02,2030-07-18 10:48:24,Child Care,540,APPEALED,0
380737,Benjamin,Miller,2030-07-23 20:47:34,2030-07-24 15:48:27,Loss of Transportation,999,DELIVERED,1095
381034,Charlotte,Adams,2030-07-31 17:34:08,2030-08-01 18:19:04,Injury/Illness,450,DENIED,0
381974,Emma,Johnson,2030-08-09 00:55:38,2030-08-09 13:36:43,Legal Costs/Fees,2000,IN-PROGRESS - COMMITTEE,0
382567,Benjamin,Zamora,2030-08-16 14:36:22,2030-08-17 05:11:04,Child Care,1500,APPROVED,1566
382824,Emma,Miller,2030-08-27 14:52:42,2030-08-28 15:02:02,Injury/Illness,120,APPEALED,0
382846,Ava,Smith,2030-09-06 14:56:16,2030-09-08 01:36:16,Child Care,2000,IN-PROGRESS - COMMITTEE,0
382980,Harper,Brown,2030-09-11 20:16:14,2030-09-13 09:42:01,Elder Care,790,APPEALED,0
383549,Lucas,Jones,2030-09-22 17:34:07,2030-09-22 21:30:06,Loss of Residency,790,DENIED - FIN FITNESS MEETING,0
383582,Theodore,Garcia,2030-09-26 06:54:56,2030-09-26 08:09:41,Elder Care,550,DELIVERED,122
383668,Theodore,Brown,2030-10-03 11:21:21,2030-10-04 01:41:31,Loss of Residency,400,IN-PROGRESS - APPROVAL,0
384061,Benjamin,Adams,2030-10-07 05:53:59,2030-10-07 13:33:33,Loss of Residency,1200,DENIED,0
384959,Evelyn,Garcia,2030-10-12 07:01:49,2030-10-12 22:49:13,Victim of Crime,2500,DELIVERED,4365
385113,Theodore,Miller,2030-10-16 21:12:54,2030-10-17 08:42:30,Misc.,50,DELIVERED,39
385464,Charlotte,Miller,2030-10-21 20:16:11,2030-10-22 19:53:35,Legal Costs/Fees,225,DENIED,0
385930,Oliver,Nguyen,2030-10-30 06:35:50,2030-10-30 07:13:24,Misc.,1500,DELIVERED,2555
386817,Sophia,Garcia,2030-11-02 12:50:35,2030-11-02 22:23:05,Car Accident,2000,DENIED,0
387393,Benjamin,Adams,2030-11-10 10:40:48,2030-11-11 09:59:38,Loss of Residency,2000,APPEALED,0
387712,Theodore,Garcia,2030-11-10 21:32:13,2030-11-11 12:40:11,Elder Care,475,DENIED,0
388674,Olivia,Johnson,2030-11-16 10:49:16,2030-11-18 03:28:56,Elder Care,110,DENIED - FIN FITNESS MEETING,0
388843,Evelyn,Jones,2030-11-26 11:24:33,2030-11-28 09:23:07,Car Accident,1400,DELIVERED,1685
389212,Harper,Jones,2030-12-03 23:00:03,2030-12-04 15:53:30,Elder Care,350,APPROVED,314
390206,Evelyn,Zamora,2030-12-13 09:25:17,2030-12-15 03:39:19,Victim of Crime,475,DENIED - FIN FITNESS MEETING,0
390368,Evelyn,Johnson,2030-12-22 19:39:55,2030-12-24 12:19:35,Loss of Residency,600,APPROVED,1073
390754,Benjamin,Brown,2030-12-29 19:50:37,2030-12-30 14:42:34,Injury/Illness,400,IN-PROGRESS - APPROVAL,0
391422,Liam,Miller,2030-12-31 08:57:37,2030-12-31 22:59:46,Legal Costs/Fees,50,IN-PROGRESS - APPROVAL,0
392336,Theodore,Cooper,2031-01-06 12:16:26,2031-01-07 22:45:27,Elder Care,2400,APPROVED,995
392718,Elijah,Smith,2031-01-11 03:35:18,2031-01-12 11:13:37,Child Care,2000,APPEALED,0
393102,William,Cooper,2031-01-13 09:08:57,2031-01-14 15:33:59,Child Care,50,APPEALED,0
393321,Harper,Adams,2031-01-18 11:44:46,2031-01-18 14:36:49,Loss of Residency,2000,APPEALED,0
393989,Ava,Williams,2031-01-20 17:49:28,2031-01-21 03:28:35,Loss of Residency,400,DENIED,0
394154,Noah,Miller,2031-01-23 09:24:10,2031-01-24 11:56:16,Misc.,225,APPEALED,0
395104,Sophia,Zamora,2031-01-24 02:59:05,2031-01-25 15:12:39,Misc.,2000,IN-PROGRESS - COMMITTEE,0
395152,Harper,Garcia,2031-02-02 05:30:13,2031-02-04 00:45:17,Victim of Crime,225,DELIVERED,403
395475,Mia,Brown,2031-02-05 05:10:17,2031-02-05 05:27:49,Injury/Illness,350,DENIED - FIN FITNESS MEETING,0
395540,Emma,Nguyen,2031-02-12 04:29:47,2031-02-12 11:46:52,Car Accident,110,IN-PROGRESS - APPROVAL,0
396185,Mia,Garcia,2031-02-17 05:26:34,2031-02-18 14:18:18,Loss of Residency,1200,IN-PROGRESS - COMMITTEE,0
396767,Sophia,Brown,2031-02-20 10:08:35,2031-02-21 10:26:34,Child Care,65,DENIED,0
397612,Isabella,Adams,2031-02-22 13:40:19,2031-02-23 20:53:44,Loss of Residency,1500,DENIED,0
397973,Amelia,Johnson,2031-02-28 17:12:19,2031-03-01 13:31:32,Misc.,2400,DENIED,0
398789,Benjamin,Jones,2031-03-03 20:43:32,2031-03-05 07:35:07,Misc.,1200,DELIVERED,1183
399343,Olivia,Miller,2031-03-14 02:57:07,2031-03-15 03:15:32,Loss of Transportation,790,DENIED,0
399665,Charlotte,Smith,2031-03-17 22:34:50,2031-03-19 12:54:42,Legal Costs/Fees,300,DELIVERED,24
400536,Noah,Williams,2031-03-21 05:18:05,2031-03-22 01:33:30,Elder Care,999,DENIED,0
401260,Evelyn,Adams,2031-03-26 22:13:11,2031-03-28 21:19:01,Loss of Residency,300,DENIED - FIN FITNESS MEETING,0
402004,Noah,Garcia,2031-03-28 22:53:37,2031-03-30 03:25:49,Car Accident,600,DENIED,0
402657,James,Smith,2031-04-08 23:47:44,2031-04-10 14:15:44,Loss of Residency,540,DENIED - FIN FITNESS MEETING,0
402696,Liam,Miller,2031-04-12 20:27:37,2031-04-13 21:57:46,Loss of Transportation,650,IN-PROGRESS - APPROVAL,0
402762,Theodore,Miller,2031-04-17 07:05:21,2031-04-17 18:13:08,Legal Costs/Fees,2000,DENIED,0
403152,Theodore,Zamora,2031-04-26 15:05:45,2031-04-28 11:18:36,Elder Care,65,DENIED,0
403216,Amelia,Johnson,2031-05-01 17:29:29,2031-05-02 17:49:36,Victim of Crime,2500,APPEALED,0
403346,Isabella,Zamora,2031-05-04 03:51:12,2031-05-04 15:54:30,Elder Care,65,IN-PROGRESS - APPROVAL,0
404095,Amelia,Miller,2031-05-09 04:24:01,2031-05-09 05:03:26,Victim of Crime,1400,APPROVED,160
404874,Amelia,Nguyen,2031-05-14 14:42:56,2031-05-15 21:27:34,Victim of Crime,540,DELIVERED,358
405046,Oliver,Jones,2031-05-21 17:01:17,2031-05-23 11:27:38,Child Care,800,DENIED - FIN FITNESS MEETING,0
405903,Emma,Nguyen,2031-05-25 16:57:01,2031-05-25 19:52:55,Legal Costs/Fees,550,DELIVERED,442
406287,Isabella,Brown,2031-06-04 15:10:52,2031-06-06 14:59:27,Loss of Residency,600,DENIED - FIN FITNESS MEETING,0
406835,Isabella,Johnson,2031-06-13 00:06:58,2031-06-13 12:07:26,Injury/Illness,1200,DELIVERED,468
407382,Lucas,Williams,2031-06-22 23:06:07,2031-06-23 06:07:03,Loss of Residency,400,APPEALED,0
408216,Liam,Johnson,2031-06-26 20:44:24,2031-06-27 19:25:26,Elder Care,110,DENIED - FIN FITNESS MEETING,0
408593,Theodore,Jones,2031-06-29 10:28:48,2031-06-30 23:07:07,Loss of Residency,800,DENIED,0
409535,Olivia,Brown,2031-07-01 00:45:57,2031-07-01 22:45:36,Victim of Crime,2000,APPEALED,0
409695,Mia,Jones,2031-07-09 01:54:21,2031-07-10 12:46:30,Loss of Transportation,110,DENIED,0
409901,Ava,Williams,2031-07-18 06:28:43,2031-07-19 00:41:48,Injury/Illness,790,DENIED,0
410531,Olivia,Brown,2031-07-29 06:03:30,2031-07-29 15:32:54,Loss of Transportation,900,IN-PROGRESS - APPROVAL,0
411214,William,Nguyen,2031-08-01 16:24:49,2031-08-02 18:05:08,Elder Care,790,APPROVED,905
411360,Evelyn,Zamora,2031-08-11 12:55:42,2031-08-11 14:01:08,Loss of Residency,200,DELIVERED,81
411444,James,Johnson,2031-08-19 15:42:11,2031-08-20 09:10:21,Elder Care,200,IN-PROGRESS - APPROVAL,0
411563,Olivia,Hernandez,2031-08-20 03:28:31,2031-08-21 15:09:03,Legal Costs/Fees,999,DELIVERED,1950
411599,Benjamin,Zamora,2031-08-28 09:36:28,2031-08-29 09:25:26,Misc.,2500,DENIED,0
411666,Lucas,Jones,2031-08-29 12:33:15,2031-08-31 08:18:00,Misc.,1500,APPROVED,1313
412517,Benjamin,Nguyen,2031-09-05 10:21:28,2031-09-05 20:51:49,Victim of Crime,65,DENIED,0
412765,Noah,Zamora,2031-09-12 15:10:58,2031-09-13 02:05:41,Child Care,300,DENIED - FIN FITNESS MEETING,0
413393,Evelyn,Adams,2031-09-13 12:07:28,2031-09-14 13:05:26,Elder Care,600,DELIVERED,951
414117,Emma,Williams,2031-09-15 19:29:02,2031-09-17 07:00:04,Loss of Transportation,790,APPEALED,0
414354,Sophia,Garcia,2031-09-18 19:02:23,2031-09-19 17:48:39,Injury/Illness,999,APPROVED,764
415063,Isabella,Cooper,2031-09-19 15:09:33,2031-09-19 17:12:12,Injury/Illness,65,DENIED - FIN FITNESS MEETING,0
415857,Theodore,Hernandez,2031-09-27 09:13:53,2031-09-28 11:47:46,Loss of Residency,2000,IN-PROGRESS - COMMITTEE,0
415965,William,Adams,2031-09-29 16:27:56,2031-09-29 22:00:12,Misc.,900,APPROVED,391
416656,Benjamin,Williams,2031-10-01 17:02:27,2031-10-03 04:46:34,Elder Care,800,APPROVED,439
416808,Harper,Cooper,2031-10-07 11:07:42,2031-10-08 16:41:05,Child Care,1500,DELIVERED,973
417498,Sophia,Nguyen,2031-10-18 09:38:33,2031-10-20 09:10:52,Injury/Illness,1500,APPEALED,0
417824,Harper,Hernandez,2031-10-20 21:24:22,2031-10-21 06:51:39,Elder Care,1400,IN-PROGRESS - COMMITTEE,0
418690,Amelia,Zamora,2031-10-24 21:47:34,2031-10-26 15:23:37,Victim of Crime,150,DELIVERED,253
419419,Elijah,Jones,2031-10-29 06:57:41,2031-10-29 07:41:08,Legal Costs/Fees,650,APPROVED,180
419822,Liam,Nguyen,2031-10-29 10:39:12,2031-10-29 20:52:31,Loss of Residency,2400,IN-PROGRESS - COMMITTEE,0
420773,Olivia,Cooper,2031-11-07 07:00:39,2031-11-08 18:13:22,Injury/Illness,400,APPROVED,521
421645,Isabella,Nguyen,2031-11-10 05:18:04,2031-11-12 02:41:12,Legal Costs/Fees,900,DENIED,0
422167,Elijah,Garcia,2031-11-21 00:56:31,2031-11-22 02:25:53,Victim of Crime,110,DELIVERED,26
423034,Mia,Miller,2031-11-30 09:29:30,2031-11-30 19:07:29,Legal Costs/Fees,2500,APPEALED,0
423185,Amelia,Johnson,2031-12-01 19:20:47,2031-12-02 17:06:51,Legal Costs/Fees,2400,IN-PROGRESS - COMMITTEE,0
423256,Mia,Cooper,2031-12-02 12:50:45,2031-12-02 15:53:40,Loss of Residency,860,APPEALED,0
423918,Evelyn,Williams,2031-12-11 10:00:10,2031-12-11 18:49:04,Misc.,550,APPEALED,0
424119,Henry,Adams,2031-12-18 14:53:22,2031-12-19 07:57:22,Legal Costs/Fees,110,DENIED - FIN FITNESS MEETING,0
425116,Amelia,Smith,2031-12-20 05:13:47,2031-12-21 08:59:41,Misc.,1400,IN-PROGRESS - COMMITTEE,0
425336,Elijah,Cooper,2031-12-23 01:49:11,2031-12-24 04:56:37,Legal Costs/Fees,150,APPROVED,72
425731,Benjamin,Zamora,2031-12-30 01:43:55,2031-12-30 02:09:46,Elder Care,50,IN-PROGRESS - APPROVAL,0
425900,Liam,Adams,2032-01-01 14:02:41,2032-01-03 04:58:41,Misc.,120,APPEALED,0
426191,Ava,Jones,2032-01-07 16:10:20,2032-01-08 12:03:09,Loss of Transportation,400,IN-PROGRESS - APPROVAL,0
427074,Olivia,Smith,2032-01-09 00:47:44,2032-01-10 13:04:11,Car Accident,225,APPROVED,134
427601,Lucas,Adams,2032-01-18 09:05:59,2032-01-19 01:59:18,Injury/Illness,2000,IN-PROGRESS - COMMITTEE,0
427640,William,Johnson,2032-01-20 02:50:35,2032-01-21 21:06:46,Loss of Residency,300,DENIED - FIN FITNESS MEETING,0
427774,Isabella,Miller,2032-01-21 01:35:20,2032-01-21 12:49:33,Injury/Illness,350,APPEALED,0
428181,Elijah,Zamora,2032-01-22 01:47:36,2032-01-23 01:52:34,Injury/Illness,225,DENIED,0
428387,Sophia,Williams,2032-01-30 17:21:52,2032-02-01 13:06:50,Legal Costs/Fees,400,IN-PROGRESS - APPROVAL,0
428896,Henry,Williams,2032-02-05 10:22:32,2032-02-07 11:14:26,Victim of Crime,200,DENIED,0
429502,Emma,Garcia,2032-02-10 07:01:17,2032-02-11 09:35:38,Car Accident,900,DENIED,0
430145,Liam,Johnson,2032-02-13 11:43:06,2032-02-15 12:07:45,Misc.,1200,IN-PROGRESS - COMMITTEE,0
430957,Isabella,Garcia,2032-02-21 16:32:09,2032-02-22 19:44:08,Car Accident,475,APPROVED,785
431801,Sophia,Cooper,2032-03-01 03:39:10,2032-03-02 00:11:17,Loss of Residency,790,APPROVED,1180
431839,Benjamin,Zamora,2032-03-01 11:01:45,2032-03-01 19:06:49,Victim of Crime,600,APPEALED,0
431988,Amelia,Nguyen,2032-03-02 10:37:07,2032-03-04 10:52:08,Injury/Illness,1200,DENIED,0
432619,Noah,Zamora,2032-03-05 14:43:56,2032-03-07 00:02:46,Car Accident,65,DENIED,0
432898,James,Miller,2032-03-11 02:57:11,2032-03-11 08:15:06,Victim of Crime,2000,DENIED,0
433472,Lucas,Garcia,2032-03-11 08:58:13,2032-03-12 11:28:55,Victim of Crime,900,DENIED,0
433512,James,Johnson,2032-03-16 10:55:23,2032-03-16 14:56:13,Elder Care,475,IN-PROGRESS - APPROVAL,0
434428,Evelyn,Hernandez,2032-03-20 13:10:34,2032-03-20 16:50:13,Child Care,110,DENIED - FIN FITNESS MEETING,0
435047,Isabella,Smith,2032-03-23 14:50:17,2032-03-23 23:11:22,Injury/Illness,450,IN-PROGRESS - APPROVAL,0
435348,Liam,Hernandez,2032-04-03 07:52:24,2032-04-03 18:52:41,Elder Care,110,DENIED,0
435635,Henry,Miller,2032-04-03 09:39:19,2032-04-04 09:40:20,Child Care,2500,APPROVED,4130
435904,Ava,Williams,2032-04-04 12:33:50,2032-04-06 13:00:00,Injury/Illness,1400,APPEALED,0
436116,Ava,Johnson,2032-04-06 07:37:09,2032-04-07 23:06:40,Car Accident,2400,DENIED,0
436813,Oliver,Smith,2032-04-06 16:06:33,2032-04-08 16:06:31,Elder Care,200,DENIED,0
437570,Elijah,Williams,2032-04-12 03:32:21,2032-04-14 03:57:17,Misc.,800,APPEALED,0
438331,Emma,Smith,2032-04-15 03:21:19,2032-04-16 10:34:54,Victim of Crime,600,IN-PROGRESS - APPROVAL,0
438816,Mia,Williams,2032-04-18 21:07:01,2032-04-20 09:48:42,Child Care,1400,IN-PROGRESS - COMMITTEE,0
439495,Mia,Zamora,2032-04-23 05:46:03,2032-04-24 14:02:50,Elder Care,150,DELIVERED,266
440163,Noah,Smith,2032-04-26 11:50:43,2032-04-27 01:26:36,Child Care,450,APPROVED,420
440594,Harper,Cooper,2032-05-02 09:13:31,2032-05-02 16:25:19,Victim of Crime,790,DENIED - FIN FITNESS MEETING,0
440850,Sophia,Cooper,2032-05-05 04:51:16,2032-05-05 23:24:00,Child Care,1500,DENIED,0
441805,Evelyn,Johnson,2032-05-08 20:43:55,2032-05-10 14:08:28,Loss of Residency,225,APPEALED,0
442097,Ava,Hernandez,2032-05-17 21:03:38,2032-05-18 19:31:13,Child Care,475,APPROVED,472
442834,Isabella,Garcia,2032-05-19 17:57:30,2032-05-19 23:26:02,Car Accident,860,DELIVERED,1344
442906,James,Johnson,2032-05-26 22:54:55,2032-05-28 20:18:20,Legal Costs/Fees,350,APPEALED,0
443225,Oliver,Johnson,2032-06-02 22:55:55,2032-06-03 20:52:48,Victim of Crime,225,IN-PROGRESS - APPROVAL,0
443238,Amelia,Miller,2032-06-09 18:57:33,2032-06-11 19:46:45,Misc.,120,DELIVERED,123
443957,Sophia,Williams,2032-06-14 17:31:56,2032-06-15 08:56:19,Legal Costs/Fees,1500,APPROVED,1414
444877,Olivia,Jones,2032-06-15 14:20:08,2032-06-16 19:30:33,Injury/Illness,105,DELIVERED,144
445066,Benjamin,Brown,2032-06-24 00:37:23,2032-06-25 23:25:07,Injury/Illness,999,IN-PROGRESS - APPROVAL,0
445214,Amelia,Brown,2032-06-27 17:16:50,2032-06-27 19:21:46,Car Accident,100,APPEALED,0
445816,Amelia,Garcia,2032-07-04 13:19:28,2032-07-04 15:10:25,Elder Care,550,APPROVED,525
446199,Henry,Nguyen,2032-07-13 01:12:08,2032-07-14 18:24:33,Misc.,800,APPROVED,315
446934,Elijah,Brown,2032-07-15 17:22:21,2032-07-16 14:26:07,Loss of Residency,400,IN-PROGRESS - APPROVAL,0
447187,James,Smith,2032-07-25 19:24:42,2032-07-26 07:45:04,Child Care,300,IN-PROGRESS - APPROVAL,0
447784,Amelia,Brown,2032-08-01 09:17:27,2032-08-02 20:46:34,Injury/Illness,999,DENIED,0
447903,Evelyn,Garcia,2032-08-03 20:09:33,2032-08-04 04:45:06,Car Accident,110,DENIED,0
448381,James,Smith,2032-08-14 13:28:52,2032-08-15 21:05:14,Loss of Residency,2000,APPEALED,0
449306,Oliver,Garcia,2032-08-18 15:20:29,2032-08-20 08:53:40,Child Care,150,APPEALED,0
449364,Isabella,Smith,2032-08-21 15:41:00,2032-08-22 01:32:18,Injury/Illness,105,IN-PROGRESS - APPROVAL,0
449588,Theodore,Garcia,2032-08-27 13:47:17,2032-08-29 07:04:14,Loss of Transportation,790,APPEALED,0
450353,Evelyn,Adams,2032-09-05 13:42:41,2032-09-06 18:09:55,Loss of Residency,540,APPEALED,0
451043,Sophia,Williams,2032-09-16 11:58:42,2032-09-17 08:37:50,Loss of Residency,100,APPEALED,0
451649,James,Nguyen,2032-09-27 04:47:40,2032-09-27 07:09:44,Loss of Residency,300,APPEALED,0
452239,Amelia,Brown,2032-09-29 14:03:36,2032-09-30 05:53:25,Loss of Transportation,650,APPEALED,0
452708,Evelyn,Hernandez,2032-10-10 10:30:49,2032-10-11 00:49:27,Legal Costs/Fees,600,DENIED - FIN FITNESS MEETING,0
453547,Evelyn,Hernandez,2032-10-18 07:10:47,2032-10-19 09:42:32,Child Care,475,DELIVERED,7
453549,Harper,Brown,2032-10-19 20:11:54,2032-10-20 19:42:51,Misc.,2000,DENIED,0
454345,Liam,Williams,2032-10-21 03:40:20,2032-10-23 00:20:18,Misc.,400,IN-PROGRESS - APPROVAL,0
454377,Benjamin,Smith,2032-10-30 15:54:28,2032-10-31 16:17:32,Victim of Crime,110,APPEALED,0
454646,Amelia,Cooper,2032-11-02 10:59:33,2032-11-03 01:07:41,Elder Care,400,DENIED,0
455457,Emma,Zamora,2032-11-05 21:18:34,2032-11-06 05:22:07,Legal Costs/Fees,1500,DELIVERED,900
456166,Noah,Miller,2032-11-11 04:28:43,2032-11-12 20:43:30,Loss of Residency,800,DELIVERED,1258
456970,Charlotte,Zamora,2032-11-11 13:07:33,2032-11-12 04:54:26,Victim of Crime,1400,IN-PROGRESS - COMMITTEE,0
457917,Amelia,Hernandez,2032-11-17 03:13:29,2032-11-18 02:43:43,Misc.,1200,APPROVED,792
458359,Noah,Garcia,2032-11-18 19:33:28,2032-11-19 18:28:06,Elder Care,110,DENIED,0
458863,Evelyn,Adams,2032-11-20 09:41:10,2032-11-21 23:38:14,Elder Care,790,APPROVED,234
459385,Sophia,Hernandez,2032-11-23 21:06:18,2032-11-24 16:16:41,Injury/Illness,65,DENIED - FIN FITNESS MEETING,0
460182,Oliver,Brown,2032-12-03 01:15:38,2032-12-04 01:04:13,Victim of Crime,400,DELIVERED,136
460628,Lucas,Cooper,2032-12-04 20:31:35,2032-12-06 17:30:05,Injury/Illness,650,IN-PROGRESS - APPROVAL,0
461008,Charlotte,Garcia,2032-12-08 05:37:16,2032-12-08 16:08:37,Misc.,110,APPROVED,61
461706,Olivia,Hernandez,2032-12-14 07:39:57,2032-12-14 15:26:35,Car Accident,1500,DENIED,0
462303,Oliver,Adams,2032-12-21 10:23:20,2032-12-22 21:54:57,Car Accident,225,APPROVED,119
462485,Olivia,Brown,2032-12-22 16:43:45,2032-12-24 07:19:01,Elder Care,2500,APPROVED,329
463395,Mia,Hernandez,2032-12-25 15:31:28,2032-12-26 22:29:43,Misc.,2400,IN-PROGRESS - COMMITTEE,0
464303,Noah,Zamora,2033-01-03 19:04:41,2033-01-04 22:54:12,Victim of Crime,225,APPEALED,0
464743,Noah,Zamora,2033-01-08 17:12:41,2033-01-10 11:12:51,Child Care,650,DELIVERED,1180
464880,Harper,Garcia,2033-01-19 13:24:34,2033-01-20 13:31:57,Misc.,2000,APPEALED,0
465241,Amelia,Adams,2033-01-22 06:38:39,2033-01-24 00:26:38,Elder Care,350,IN-PROGRESS - APPROVAL,0
466151,William,Cooper,2033-01-29 15:28:32,2033-01-30 00:57:00,Misc.,1200,DENIED,0
467123,William,Jones,2033-02-08 13:31:31,2033-02-09 19:51:02,Child Care,400,IN-PROGRESS - APPROVAL,0
467304,William,Miller,2033-02-18 08:07:26,2033-02-20 03:11:08,Misc.,999,APPROVED,474
468082,Oliver,Garcia,2033-02-27 03:43:25,2033-02-28 03:28:04,Victim of Crime,65,DENIED - FIN FITNESS MEETING,0
468169,Theodore,Cooper,2033-02-28 04:07:07,2033-03-01 07:59:53,Loss of Transportation,400,IN-PROGRESS - APPROVAL,0
468183,Elijah,Cooper,2033-03-05 05:56:27,2033-03-07 06:21:23,Misc.,105,APPROVED,55
468520,Benjamin,Johnson,2033-03-14 15:01:40,2033-03-15 17:06:23,Loss of Transportation,2000,APPEALED,0
469447,Olivia,Williams,2033-03-16 04:24:14,2033-03-16 12:37:27,Victim of Crime,200,IN-PROGRESS - APPROVAL,0
469572,James,Johnson,2033-03-22 19:19:48,2033-03-24 03:23:58,Child Care,800,APPEALED,0
469857,Isabella,Hernandez,2033-03-28 19:37:25,2033-03-28 21:56:58,Loss of Residency,400,DENIED - FIN FITNESS MEETING,0
470691,Amelia,Jones,2033-04-01 20:19:25,2033-04-03 19:09:03,Legal Costs/Fees,105,IN-PROGRESS - APPROVAL,0
471423,Noah,Nguyen,2033-04-02 06:10:25,2033-04-03 15:10:42,Victim of Crime,300,DENIED,0
472086,Mia,Adams,2033-04-06 20:26:57,2033-04-06 23:56:37,Victim of Crime,2400,APPROVED,1334
472813,Isabella,Brown,2033-04-15 03:08:12,2033-04-17 02:37:14,Loss of Residency,300,APPEALED,0
473385,Ava,Hernandez,2033-04-15 14:26:23,2033-04-16 09:15:18,Loss of Residency,475,APPEALED,0
474277,Sophia,Johnson,2033-04-23 18:15:09,2033-04-25 08:20:37,Elder Care,105,DELIVERED,148
475053,Evelyn,Brown,2033-04-30 18:32:35,2033-04-30 21:19:10,Legal Costs/Fees,65,APPEALED,0
475065,Emma,Adams,2033-05-01 04:59:55,2033-05-01 08:22:57,Elder Care,120,DENIED,0
475330,Ava,Williams,2033-05-08 21:22:26,2033-05-09 00:34:36,Loss of Residency,65,DELIVERED,106
475460,Ava,Nguyen,2033-05-16 20:12:55,2033-05-18 20:35:31,Elder Care,120,DENIED,0
476135,Isabella,Smith,2033-05-26 16:16:45,2033-05-28 06:51:31,Injury/Illness,2000,IN-PROGRESS - COMMITTEE,0
476552,Henry,Brown,2033-05-28 10:47:30,2033-05-30 05:01:44,Injury/Illness,120,DENIED,0
476699,Emma,Williams,2033-05-31 03:27:48,2033-06-01 14:26:15,Child Care,2000,DELIVERED,2312
477150,Ava,Zamora,2033-06-02 21:06:37,2033-06-03 23:15:47,Loss of Transportation,800,DENIED,0
477212,Ava,Hernandez,2033-06-07 06:49:51,2033-06-08 16:53:43,Injury/Illness,200,APPROVED,158
477372,Sophia,Jones,2033-06-17 02:50:37,2033-06-17 21:30:06,Loss of Transportation,350,IN-PROGRESS - APPROVAL,0
477846,James,Nguyen,2033-06-26 03:46:41,2033-06-27 02:51:54,Misc.,2000,IN-PROGRESS - COMMITTEE,0
478032,William,Johnson,2033-07-06 02:55:43,2033-07-06 06:58:06,Legal Costs/Fees,800,APPEALED,0
478842,James,Smith,2033-07-13 03:04:14,2033-07-14 16:32:05,Elder Care,540,APPROVED,87
478963,Amelia,Smith,2033-07-23 23:25:33,2033-07-25 08:49:43,Child Care,1200,APPEALED,0
479910,Emma,Brown,2033-07-30 11:25:41,2033-07-31 02:21:46,Loss of Transportation,105,APPROVED,151
479983,Isabella,Smith,2033-07-31 07:26:57,2033-07-31 23:04:32,Injury/Illness,105,APPROVED,126
480424,James,Cooper,2033-08-03 18:44:00,2033-08-04 18:17:52,Injury/Illness,100,IN-PROGRESS - APPROVAL,0
480795,Emma,Jones,2033-08-05 17:18:24,2033-08-06 02:40:33,Victim of Crime,50,APPEALED,0
481215,Ava,Garcia,2033-08-11 16:31:22,2033-08-12 16:31:50,Injury/Illness,450,DELIVERED,289
482114,Liam,Miller,2033-08-16 04:32:49,2033-08-16 10:41:05,Car Accident,1400,APPEALED,0
482535,Sophia,Hernandez,2033-08-16 09:01:03,2033-08-16 19:53:58,Car Accident,110,DENIED,0
482641,Lucas,Nguyen,2033-08-17 21:30:25,2033-08-19 00:51:13,Misc.,450,APPEALED,0
483476,Noah,Hernandez,2033-08-20 13:03:09,2033-08-21 01:49:59,Child Care,2000,APPROVED,749
483947,Theodore,Brown,2033-08-30 18:55:26,2033-09-01 18:18:58,Elder Care,50,IN-PROGRESS - APPROVAL,0
484313,Olivia,Cooper,2033-09-01 20:08:51,2033-09-02 03:29:40,Legal Costs/Fees,550,DENIED,0
484560,Oliver,Cooper,2033-09-11 01:25:02,2033-09-11 04:09:23,Car Accident,600,DELIVERED,636
484973,James,Williams,2033-09-14 06:24:00,2033-09-15 18:50:44,Legal Costs/Fees,225,APPEALED,0
485001,Oliver,Nguyen,2033-09-14 09:57:21,2033-09-15 20:25:59,Injury/Illness,65,DENIED - FIN FITNESS MEETING,0
485814,Noah,Nguyen,2033-09-18 21:05:03,2033-09-20 10:28:52,Loss of Residency,150,DELIVERED,102
486435,Elijah,Smith,2033-09-26 20:18:20,2033-09-27 00:20:12,Loss of Transportation,1200,APPEALED,0
487076,Henry,Hernandez,2033-10-03 21:11:03,2033-10-04 20:27:18,Injury/Illness,200,DENIED,0
488055,Henry,Zamora,2033-10-06 17:13:09,2033-10-07 15:39:25,Misc.,450,IN-PROGRESS - APPROVAL,0
488530,James,Hernandez,2033-10-16 00:52:43,2033-10-17 18:05:50,Injury/Illness,2500,APPROVED,2396
489350,Noah,Williams,2033-10-26 08:34:58,2033-10-26 15:19:15,Loss of Transportation,350,APPEALED,0
490342,Emma,Johnson,2033-10-28 10:11:14,2033-10-28 13:51:37,Child Care,350,DENIED - FIN FITNESS MEETING,0
490502,Liam,Hernandez,2033-11-02 21:10:38,2033-11-04 20:10:47,Victim of Crime,50,DENIED - FIN FITNESS MEETING,0
491321,Emma,Hernandez,2033-11-10 22:50:34,2033-11-11 18:48:08,Victim of Crime,65,DENIED - FIN FITNESS MEETING,0
492175,Evelyn,Johnson,2033-11-19 01:33:43,2033-11-19 23:51:29,Car Accident,2400,APPEALED,0
492594,James,Adams,2033-11-25 01:41:42,2033-11-26 00:04:27,Loss of Residency,225,APPROVED,380
492735,Benjamin,Jones,2033-12-02 00:47:43,2033-12-03 10:22:37,Loss of Transportation,450,IN-PROGRESS - APPROVAL,0
492768,Sophia,Johnson,2033-12-10 01:37:46,2033-12-11 23:27:30,Loss of Transportation,450,IN-PROGRESS - APPROVAL,0
492874,Noah,Nguyen,2033-12-19 02:31:16,2033-12-20 02:44:16,Injury/Illness,550,IN-PROGRESS - APPROVAL,0
493119,Theodore,Hernandez,2033-12-19 11:11:26,2033-12-20 11:37:25,Injury/Illness,860,DENIED - FIN FITNESS MEETING,0
493219,James,Johnson,2033-12-29 06:08:26,2033-12-30 06:09:03,Misc.,2500,IN-PROGRESS - COMMITTEE,0
493449,William,Johnson,2034-01-02 04:20:57,2034-01-03 05:51:00,Child Care,1200,DENIED,0
493538,Isabella,Williams,2034-01-12 21:27:48,2034-01-13 18:11:37,Misc.,105,APPEALED,0
493787,Henry,Nguyen,2034-01-17 08:00:41,2034-01-17 10:23:43,Victim of Crime,150,DENIED,0
494741,Liam,Jones,2034-01-21 12:36:57,2034-01-21 19:47:20,Car Accident,200,APPROVED,7
495323,Noah,Brown,2034-01-24 18:32:19,2034-01-26 13:45:32,Injury/Illness,120,DELIVERED,77
496035,Charlotte,Johnson,2034-01-28 18:42:34,2034-01-30 14:04:13,Loss of Residency,2000,DELIVERED,1887
497013,Amelia,Garcia,2034-02-03 17:43:52,2034-02-04 05:21:36,Child Care,1200,APPROVED,1083
497281,Liam,Miller,2034-02-06 14:36:30,2034-02-07 07:59:35,Elder Care,475,DELIVERED,856
498011,Evelyn,Johnson,2034-02-11 02:55:54,2034-02-12 21:16:29,Victim of Crime,1500,APPROVED,1662
498492,Harper,Brown,2034-02-11 17:23:09,2034-02-12 15:39:28,Misc.,65,APPROVED,44
498837,Isabella,Garcia,2034-02-18 15:17:04,2034-02-20 11:42:16,Victim of Crime,350,DENIED,0
498891,Isabella,Brown,2034-02-28 17:34:11,2034-03-01 14:17:22,Legal Costs/Fees,1200,APPEALED,0
499674,Sophia,Hernandez,2034-03-10 06:45:48,2034-03-12 03:51:12,Victim of Crime,800,APPEALED,0
499683,Sophia,Hernandez,2034-03-15 02:58:13,2034-03-16 22:51:50,Child Care,105,IN-PROGRESS - APPROVAL,0
500042,Benjamin,Williams,2034-03-21 03:19:34,2034-03-23 03:40:23,Child Care,105,DENIED - FIN FITNESS MEETING,0
500244,Emma,Nguyen,2034-03-25 20:23:21,2034-03-25 21:07:31,Loss of Transportation,860,IN-PROGRESS - APPROVAL,0
500431,Isabella,Hernandez,2034-04-03 21:45:27,2034-04-04 00:57:23,Child Care,450,DELIVERED,822
501025,James,Williams,2034-04-05 21:14:12,2034-04-06 21:50:56,Elder Care,225,DENIED,0
501999,Amelia,Jones,2034-04-13 03:59:50,2034-04-13 21:10:43,Loss of Residency,475,DENIED,0
502828,Evelyn,Garcia,2034-04-17 08:27:11,2034-04-18 23:16:20,Victim of Crime,2400,DENIED,0
503645,Mia,Zamora,2034-04-27 14:22:27,2034-04-27 16:06:21,Injury/Illness,150,IN-PROGRESS - APPROVAL,0
504536,Elijah,Jones,2034-05-05 20:52:31,2034-05-07 08:15:28,Elder Care,999,IN-PROGRESS - APPROVAL,0
504876,Charlotte,Brown,2034-05-12 17:41:42,2034-05-13 21:52:33,Legal Costs/Fees,1200,IN-PROGRESS - COMMITTEE,0
505084,Sophia,Miller,2034-05-14 11:06:48,2034-05-16 02:59:40,Loss of Residency,475,DENIED,0
505959,Sophia,Brown,2034-05-19 05:31:53,2034-05-20 22:06:21,Misc.,1400,DELIVERED,2578
506414,Noah,Hernandez,2034-05-29 02:30:55,2034-05-29 17:47:25,Injury/Illness,860,IN-PROGRESS - APPROVAL,0
506635,Oliver,Nguyen,2034-05-31 13:38:45,2034-06-01 17:19:03,Legal Costs/Fees,105,DELIVERED,13
507441,Benjamin,Smith,2034-06-09 08:26:23,2034-06-09 20:26:28,Car Accident,2000,IN-PROGRESS - COMMITTEE,0
508184,Isabella,Zamora,2034-06-12 16:06:12,2034-06-14 08:31:20,Victim of Crime,790,DENIED,0
508579,Olivia,Adams,2034-06-14 11:15:32,2034-06-14 17:57:49,Victim of Crime,400,DENIED,0
508622,Isabella,Garcia,2034-06-21 14:02:49,2034-06-22 02:15:18,Child Care,999,IN-PROGRESS - APPROVAL,0
509306,James,Johnson,2034-06-27 04:21:25,2034-06-28 09:08:44,Loss of Residency,2500,DELIVERED,1986
509625,Benjamin,Nguyen,2034-06-27 14:02:14,2034-06-29 03:25:04,Loss of Residency,540,APPEALED,0
510459,Evelyn,Cooper,2034-06-28 20:17:54,2034-06-30 14:15:40,Loss of Residency,300,DENIED - FIN FITNESS MEETING,0
510616,Oliver,Hernandez,2034-07-01 14:44:41,2034-07-02 03:29:24,Loss of Residency,1400,APPROVED,1262
511356,Ava,Smith,2034-07-06 03:05:56,2034-07-07 14:18:59,Injury/Illness,350,IN-PROGRESS - APPROVAL,0
512352,Harper,Johnson,2034-07-07 12:13:05,2034-07-07 21:54:44,Injury/Illness,800,APPROVED,26
513327,James,Williams,2034-07-08 16:32:48,2034-07-10 12:26:39,Child Care,2000,DENIED,0
513393,Mia,Nguyen,2034-07-18 08:04:32,2034-07-19 19:10:22,Legal Costs/Fees,550,DENIED,0
513515,Emma,Nguyen,2034-07-22 04:24:30,2034-07-23 11:05:23,Victim of Crime,150,IN-PROGRESS - APPROVAL,0
513517,Liam,Adams,2034-07-28 09:36:33,2034-07-29 19:30:50,Injury/Illness,860,DENIED,0
514045,Sophia,Garcia,2034-07-30 00:34:50,2034-07-30 16:45:01,Loss of Residency,400,DENIED,0
514338,Mia,Cooper,2034-08-06 07:03:23,2034-08-07 12:31:56,Child Care,1500,APPEALED,0
515002,William,Garcia,2034-08-06 13:56:45,2034-08-07 07:10:54,Loss of Residency,800,DELIVERED,69
515303,Oliver,Cooper,2034-08-10 01:22:42,2034-08-11 01:30:06,Loss of Residency,120,IN-PROGRESS - APPROVAL,0
515731,Emma,Williams,2034-08-18 16:40:45,2034-08-19 09:28:15,Child Care,110,IN-PROGRESS - APPROVAL,0
516279,Henry,Williams,2034-08-29 17:11:04,2034-08-31 03:21:03,Child Care,1400,DELIVERED,1354
516503,Harper,Garcia,2034-09-05 13:11:15,2034-09-07 01:20:46,Legal Costs/Fees,2000,DELIVERED,2700
516947,Evelyn,Williams,2034-09-14 20:52:42,2034-09-15 18:42:24,Elder Care,110,DENIED - FIN FITNESS MEETING,0
517156,Oliver,Jones,2034-09-14 20:52:43,2034-09-16 15:29:49,Injury/Illness,110,APPEALED,0
518013,Lucas,Johnson,2034-09-15 12:10:44,2034-09-16 12:30:41,Victim of Crime,800,DENIED - FIN FITNESS MEETING,0
518626,Emma,Zamora,2034-09-20 23:51:51,2034-09-22 20:07:19,Car Accident,475,APPEALED,0
519404,Henry,Nguyen,2034-09-26 17:07:51,2034-09-27 15:51:23,Elder Care,105,APPEALED,0
520199,Oliver,Zamora,2034-09-29 07:05:56,2034-09-30 07:11:28,Child Care,650,APPEALED,0
520385,Theodore,Smith,2034-10-07 18:30:40,2034-10-08 23:39:16,Misc.,2400,DELIVERED,3811
521350,Emma,Hernandez,2034-10-16 01:39:30,2034-10-17 21:11:45,Car Accident,450,DENIED,0
521860,Mia,Garcia,2034-10-23 02:24:51,2034-10-24 10:44:29,Elder Care,350,APPROVED,22
521930,William,Jones,2034-10-23 23:08:05,2034-10-25 12:06:34,Victim of Crime,225,IN-PROGRESS - APPROVAL,0
522420,Emma,Zamora,2034-10-31 04:24:57,2034-10-31 08:04:33,Loss of Residency,400,DELIVERED,206
522684,Benjamin,Zamora,2034-11-09 23:12:29,2034-11-10 12:12:44,Loss of Transportation,150,APPROVED,196
522686,James,Cooper,2034-11-20 06:06:25,2034-11-22 01:41:39,Victim of Crime,1400,IN-PROGRESS - COMMITTEE,0
523562,James,Johnson,2034-11-21 14:22:26,2034-11-21 19:53:47,Victim of Crime,50,DENIED,0
524145,Elijah,Jones,2034-11-22 21:17:18,2034-11-24 20:15:09,Elder Care,110,IN-PROGRESS - APPROVAL,0
524361,Emma,Williams,2034-11-23 17:50:18,2034-11-23 22:50:56,Car Accident,550,DENIED,0
525326,William,Zamora,2034-11-27 11:50:59,2034-11-28 03:59:59,Loss of Residency,110,DELIVERED,139
525683,William,Garcia,2034-12-07 02:27:05,2034-12-07 04:50:14,Elder Care,600,DENIED,0
526029,William,Miller,2034-12-17 00:00:22,2034-12-18 01:56:27,Loss of Residency,400,IN-PROGRESS - APPROVAL,0
526405,Henry,Smith,2034-12-24 01:05:58,2034-12-26 00:10:43,Victim of Crime,900,DELIVERED,973
526531,Mia,Zamora,2034-12-25 05:41:47,2034-12-26 22:25:54,Elder Care,475,APPEALED,0
526980,Oliver,Zamora,2034-12-25 11:44:04,2034-12-26 15:46:43,Victim of Crime,225,DENIED - FIN FITNESS MEETING,0
527673,Sophia,Johnson,2035-01-01 00:24:39,2035-01-01 15:46:02,Victim of Crime,1500,APPEALED,0
527954,Evelyn,Jones,2035-01-09 02:49:33,2035-01-10 02:02:07,Car Accident,1400,IN-PROGRESS - COMMITTEE,0
528105,Isabella,Smith,2035-01-19 14:36:48,2035-01-20 07:02:01,Elder Care,120,APPEALED,0
528868,Ava,Nguyen,2035-01-27 16:16:23,2035-01-28 05:56:08,Loss of Residency,860,DENIED - FIN FITNESS MEETING,0
529088,Theodore,Hernandez,2035-02-05 20:42:34,2035-02-07 13:05:21,Injury/Illness,110,APPEALED,0
529141,Olivia,Cooper,2035-02-11 16:50:09,2035-02-11 23:56:38,Legal Costs/Fees,50,APPROVED,38
529639,Theodore,Smith,2035-02-22 14:55:09,2035-02-23 15:13:19,Car Accident,2000,IN-PROGRESS - COMMITTEE,0
529795,Liam,Adams,2035-02-25 18:44:14,2035-02-27 09:57:11,Misc.,540,APPROVED,601
530584,Amelia,Cooper,2035-03-02 15:16:32,2035-03-04 11:58:45,Victim of Crime,1200,IN-PROGRESS - COMMITTEE,0
530676,William,Smith,2035-03-12 17:04:07,2035-03-14 12:17:08,Legal Costs/Fees,100,DELIVERED,26
530735,Olivia,Garcia,2035-03-15 23:01:15,2035-03-16 08:29:38,Loss of Transportation,540,DENIED,0
531115,Amelia,Cooper,2035-03-19 15:50:57,2035-03-20 07:20:47,Elder Care,100,DELIVERED,20
531271,Mia,Zamora,2035-03-20 10:16:13,2035-03-21 05:23:30,Legal Costs/Fees,200,APPEALED,0
531374,Amelia,Adams,2035-03-27 18:18:22,2035-03-28 21:47:35,Legal Costs/Fees,900,IN-PROGRESS - APPROVAL,0
531944,Harper,Jones,2035-03-28 14:28:04,2035-03-30 12:09:44,Child Care,540,APPROVED,342
532024,Olivia,Jones,2035-04-02 22:25:12,2035-04-04 12:05:46,Legal Costs/Fees,350,APPROVED,182
532841,Charlotte,Miller,2035-04-08 14:04:58,2035-04-10 14:00:34,Injury/Illness,200,IN-PROGRESS - APPROVAL,0
533817,Lucas,Johnson,2035-04-15 02:32:47,2035-04-15 23:02:02,Loss of Residency,540,DENIED - FIN FITNESS MEETING,0
533915,Emma,Smith,2035-04-26 01:26:19,2035-04-26 19:14:32,Legal Costs/Fees,110,DELIVERED,172
534835,Olivia,Adams,2035-05-05 12:56:07,2035-05-07 09:22:17,Car Accident,2000,IN-PROGRESS - COMMITTEE,0
534873,Charlotte,Zamora,2035-05-14 09:07:23,2035-05-15 11:38:17,Victim of Crime,860,APPEALED,0
535427,William,Johnson,2035-05-15 18:31:27,2035-05-16 20:44:27,Loss of Residency,999,DENIED,0
535647,Oliver,Brown,2035-05-21 16:02:53,2035-05-21 21:42:51,Car Accident,650,APPROVED,929
536033,Isabella,Adams,2035-05-24 21:35:15,2035-05-26 07:07:16,Injury/Illness,1400,APPEALED,0
536803,Oliver,Jones,2035-06-04 09:19:40,2035-06-04 19:14:15,Loss of Transportation,50,DELIVERED,80
537428,Theodore,Hernandez,2035-06-05 04:14:02,2035-06-05 18:31:12,Misc.,540,DENIED,0
538198,Isabella,Nguyen,2035-06-06 05:07:28,2035-06-07 04:55:27,Misc.,100,APPEALED,0
538944,Henry,Garcia,2035-06-11 11:07:06,2035-06-11 21:32:08,Misc.,105,APPROVED,167
539603,Henry,Williams,2035-06-21 21:46:20,2035-06-23 16:05:26,Misc.,100,APPROVED,99
539922,Olivia,Jones,2035-06-30 13:01:15,2035-07-01 10:04:25,Loss of Residency,65,APPEALED,0
540247,Henry,Hernandez,2035-07-01 09:24:35,2035-07-03 09:58:05,Misc.,400,DELIVERED,798
540305,Amelia,Miller,2035-07-01 13:32:34,2035-07-03 06:25:16,Car Accident,350,DENIED - FIN FITNESS MEETING,0
541285,Mia,Johnson,2035-07-02 02:52:52,2035-07-03 19:00:18,Legal Costs/Fees,2400,DELIVERED,1958
542249,Benjamin,Adams,2035-07-07 10:08:11,2035-07-09 06:35:03,Elder Care,1200,APPEALED,0
542697,Charlotte,Johnson,2035-07-10 14:26:59,2035-07-11 16:46:43,Loss of Transportation,350,IN-PROGRESS - APPROVAL,0
543557,Mia,Adams,2035-07-18 21:30:48,2035-07-19 01:55:38,Elder Care,110,APPROVED,14
544028,Theodore,Smith,2035-07-25 04:28:00,2035-07-26 12:04:41,Injury/Illness,860,DENIED - FIN FITNESS MEETING,0
544944,Noah,Hernandez,2035-08-03 02:42:45,2035-08-04 19:00:12,Child Care,540,APPEALED,0
545456,Charlotte,Johnson,2035-08-03 09:32:41,2035-08-03 21:37:52,Legal Costs/Fees,2400,APPEALED,0
545847,Mia,Miller,2035-08-10 20:42:19,2035-08-12 16:01:15,Legal Costs/Fees,110,DENIED,0
546591,Harper,Smith,2035-08-20 00:32:54,2035-08-20 20:37:12,Loss of Residency,200,DELIVERED,65
547043,Emma,Zamora,2035-08-20 04:36:15,2035-08-20 07:08:22,Misc.,1400,DELIVERED,1514
547799,Sophia,Garcia,2035-08-30 19:09:56,2035-08-31 19:21:31,Elder Care,650,DENIED,0
548036,Charlotte,Nguyen,2035-08-31 02:10:11,2035-09-01 17:52:50,Elder Care,100,IN-PROGRESS - APPROVAL,0
549002,Evelyn,Miller,2035-09-01 12:33:17,2035-09-02 02:35:36,Misc.,100,DENIED - FIN FITNESS MEETING,0
549169,Harper,Johnson,2035-09-03 05:29:20,2035-09-03 10:21:25,Loss of Residency,2400,APPROVED,280
550121,Sophia,Garcia,2035-09-08 01:56:35,2035-09-09 21:16:53,Injury/Illness,1400,DENIED,0
550173,Henry,Johnson,2035-09-08 06:51:55,2035-09-08 14:39:29,Victim of Crime,225,IN-PROGRESS - APPROVAL,0
550983,Oliver,Johnson,2035-09-16 08:43:05,2035-09-18 08:06:53,Loss of Residency,2500,APPROVED,3497
551231,Evelyn,Zamora,2035-09-25 09:38:24,2035-09-25 21:26:09,Misc.,50,DELIVERED,83
551437,James,Smith,2035-09-26 13:47:20,2035-09-27 07:24:17,Car Accident,2400,DELIVERED,3217
552392,Ava,Jones,2035-10-03 11:48:19,2035-10-05 03:29:33,Child Care,2500,DELIVERED,1377
552619,Lucas,Williams,2035-10-11 02:49:14,2035-10-13 00:35:58,Legal Costs/Fees,400,APPEALED,0
552784,Henry,Miller,2035-10-21 00:43:44,2035-10-21 16:27:45,Child Care,1200,IN-PROGRESS - COMMITTEE,0
553056,Lucas,Adams,2035-10-25 14:33:53,2035-10-25 21:11:38,Injury/Illness,150,DENIED,0
553329,Harper,Hernandez,2035-11-01 12:31:44,2035-11-01 12:57:41,Misc.,800,APPEALED,0
553906,Olivia,Adams,2035-11-05 01:25:09,2035-11-05 12:22:02,Loss of Transportation,150,DENIED - FIN FITNESS MEETING,0
554689,Evelyn,Zamora,2035-11-11 14:56:52,2035-11-13 06:54:19,Loss of Transportation,300,APPROVED,28
555664,Elijah,Cooper,2035-11-16 18:31:32,2035-11-17 16:02:25,Elder Care,1200,DELIVERED,1897
555936,William,Williams,2035-11-23 22:11:07,2035-11-24 21:11:56,Injury/Illness,790,APPROVED,326
556523,James,Williams,2035-11-26 23:00:50,2035-11-28 05:19:02,Victim of Crime,999,IN-PROGRESS - APPROVAL,0
557044,Sophia,Garcia,2035-11-30 14:46:48,2035-12-02 06:32:54,Car Accident,100,DELIVERED,143
557062,Harper,Williams,2035-12-08 07:33:19,2035-12-08 21:52:55,Elder Care,2400,APPROVED,2769
557909,William,Nguyen,2035-12-19 07:13:31,2035-12-20 03:03:33,Misc.,2400,IN-PROGRESS - COMMITTEE,0
558387,Emma,Garcia,2035-12-20 20:10:19,2035-12-22 10:11:12,Loss of Transportation,1400,APPROVED,1027
559095,Noah,Nguyen,2035-12-31 13:19:48,2036-01-01 09:20:24,Elder Care,450,DENIED - FIN FITNESS MEETING,0
559724,Isabella,Garcia,2036-01-05 08:30:05,2036-01-05 15:35:55,Loss of Transportation,1200,APPROVED,112
560155,William,Zamora,2036-01-07 16:51:38,2036-01-07 19:58:55,Victim of Crime,300,DENIED - FIN FITNESS MEETING,0
561001,William,Garcia,2036-01-09 05:06:02,2036-01-10 18:06:14,Child Care,600,APPEALED,0
561204,Elijah,Williams,2036-01-19 01:06:43,2036-01-19 22:56:28,Legal Costs/Fees,100,DELIVERED,182
561748,William,Smith,2036-01-29 10:34:14,2036-01-30 09:55:13,Loss of Transportation,1500,IN-PROGRESS - COMMITTEE,0
562730,William,Garcia,2036-01-30 16:51:10,2036-01-31 01:39:21,Loss of Transportation,900,IN-PROGRESS - APPROVAL,0
563207,Mia,Zamora,2036-02-07 00:45:17,2036-02-08 11:37:55,Legal Costs/Fees,2000,DENIED,0
563690,Sophia,Garcia,2036-02-09 06:15:31,2036-02-11 02:47:19,Car Accident,400,APPEALED,0
564148,James,Cooper,2036-02-16 23:49:16,2036-02-17 05:30:39,Elder Care,65,APPROVED,124
565147,Amelia,Zamora,2036-02-26 09:59:13,2036-02-28 06:06:07,Misc.,65,APPEALED,0
565903,Sophia,Nguyen,2036-02-28 13:58:18,2036-02-29 00:57:08,Misc.,475,APPROVED,941
566148,Theodore,Williams,2036-03-08 09:53:54,2036-03-10 05:05:10,Legal Costs/Fees,65,DENIED,0
566702,Elijah,Brown,2036-03-15 12:34:55,2036-03-15 21:15:48,Legal Costs/Fees,2500,APPEALED,0
567564,Olivia,Brown,2036-03-19 09:14:39,2036-03-20 06:25:49,Legal Costs/Fees,999,APPROVED,485
568445,Mia,Miller,2036-03-26 23:19:58,2036-03-28 07:15:27,Car Accident,100,IN-PROGRESS - APPROVAL,0
569155,Isabella,Smith,2036-03-29 07:07:31,2036-03-29 13:14:42,Misc.,800,DELIVERED,1215
569416,Isabella,Adams,2036-04-03 14:19:48,2036-04-03 20:44:04,Child Care,1400,DENIED,0
569571,Sophia,Garcia,2036-04-11 07:05:39,2036-04-12 15:47:48,Child Care,225,APPROVED,419
570414,Amelia,Williams,2036-04-17 14:35:50,2036-04-19 10:03:36,Child Care,2400,APPEALED,0
571115,Harper,Adams,2036-04-28 15:22:52,2036-04-29 13:32:12,Victim of Crime,1200,DENIED,0
571621,Henry,Adams,2036-05-03 17:33:04,2036-05-04 06:22:52,Victim of Crime,1500,IN-PROGRESS - COMMITTEE,0
572526,Sophia,Jones,2036-05-08 01:50:00,2036-05-09 02:47:52,Victim of Crime,200,APPROVED,25
572992,Theodore,Nguyen,2036-05-16 22:59:55,2036-05-18 17:45:28,Misc.,2400,DENIED,0
573458,Emma,Johnson,2036-05-27 10:29:22,2036-05-27 13:22:48,Injury/Illness,400,DENIED,0
573811,Elijah,Miller,2036-06-05 12:50:21,2036-06-05 18:45:56,Car Accident,350,IN-PROGRESS - APPROVAL,0
574060,Liam,Smith,2036-06-11 08:28:30,2036-06-12 02:34:11,Loss of Transportation,110,IN-PROGRESS - APPROVAL,0
574592,Mia,Adams,2036-06-17 11:19:16,2036-06-18 10:30:21,Child Care,540,APPROVED,595
575015,Evelyn,Miller,2036-06-18 19:39:44,2036-06-18 20:39:28,Injury/Illness,150,DENIED,0
575443,Mia,Smith,2036-06-28 18:16:46,2036-06-29 11:01:13,Elder Care,475,IN-PROGRESS - APPROVAL,0
575515,Charlotte,Cooper,2036-07-01 03:15:25,2036-07-01 21:28:10,Loss of Transportation,860,DENIED - FIN FITNESS MEETING,0
576477,William,Smith,2036-07-12 02:58:08,2036-07-12 07:31:59,Loss of Residency,999,APPROVED,660
576819,Theodore,Brown,2036-07-16 09:09:03,2036-07-17 02:18:15,Loss of Transportation,2400,DENIED,0
577278,Theodore,Williams,2036-07-27 09:55:00,2036-07-27 12:09:37,Victim of Crime,999,DENIED,0
577579,Mia,Williams,2036-07-28 19:35:22,2036-07-30 17:07:05,Legal Costs/Fees,800,APPROVED,1554
577949,William,Williams,2036-08-04 23:48:21,2036-08-05 23:12:33,Elder Care,50,DENIED - FIN FITNESS MEETING,0
578045,Harper,Zamora,2036-08-11 13:05:26,2036-08-11 21:06:12,Elder Care,300,IN-PROGRESS - APPROVAL,0
578736,Olivia,Smith,2036-08-14 10:11:10,2036-08-15 10:40:44,Car Accident,65,DELIVERED,51
578985,Isabella,Smith,2036-08-23 17:06:33,2036-08-25 01:18:28,Elder Care,110,APPROVED,133
579117,Henry,Nguyen,2036-08-28 23:27:25,2036-08-29 16:12:14,Loss of Transportation,2500,APPEALED,0
580057,Liam,Hernandez,2036-08-31 18:11:25,2036-09-01 19:15:32,Elder Care,110,APPEALED,0
580637,Noah,Hernandez,2036-09-01 01:33:30,2036-09-01 07:49:23,Victim of Crime,860,APPROVED,1071
581242,Liam,Smith,2036-09-03 08:44:53,2036-09-03 13:05:51,Loss of Transportation,120,DENIED - FIN FITNESS MEETING,0
581837,Lucas,Brown,2036-09-03 10:08:55,2036-09-04 04:49:41,Victim of Crime,550,DENIED,0
582230,Benjamin,Williams,2036-09-09 04:33:26,2036-09-09 14:03:58,Legal Costs/Fees,790,APPROVED,86
583090,Amelia,Nguyen,2036-09-16 13:19:43,2036-09-18 12:15:22,Misc.,1200,APPEALED,0
583425,Ava,Nguyen,2036-09-17 15:05:50,2036-09-19 07:17:47,Child Care,2000,APPEALED,0
583987,Harper,Smith,2036-09-20 17:53:31,2036-09-22 15:46:59,Car Accident,600,APPEALED,0
584399,Evelyn,Brown,2036-09-21 19:51:08,2036-09-22 00:31:38,Child Care,1500,DENIED,0
584789,Benjamin,Brown,2036-09-21 23:55:30,2036-09-22 23:39:37,Misc.,1400,DENIED,0
584905,Olivia,Johnson,2036-09-22 20:45:18,2036-09-24 03:06:50,Loss of Residency,450,DELIVERED,797
585423,Olivia,Garcia,2036-09-24 04:08:17,2036-09-24 09:17:10,Legal Costs/Fees,550,DELIVERED,421
585958,Amelia,Jones,2036-09-28 10:39:10,2036-09-28 17:53:22,Injury/Illness,300,IN-PROGRESS - APPROVAL,0
586818,Mia,Garcia,2036-10-01 18:37:21,2036-10-03 00:46:43,Misc.,105,DENIED,0
587067,Harper,Johnson,2036-10-10 00:32:18,2036-10-10 08:44:27,Victim of Crime,790,IN-PROGRESS - APPROVAL,0
587490,Amelia,Williams,2036-10-14 14:22:47,2036-10-16 13:21:20,Child Care,350,APPROVED,167
588405,William,Jones,2036-10-16 23:28:02,2036-10-18 06:28:29,Elder Care,860,DENIED - FIN FITNESS MEETING,0
589211,Olivia,Nguyen,2036-10-26 00:14:02,2036-10-26 23:27:28,Injury/Illness,350,APPROVED,570
590161,Mia,Williams,2036-10-29 13:30:49,2036-10-29 22:41:48,Legal Costs/Fees,790,DENIED,0
590401,Henry,Williams,2036-11-06 14:11:07,2036-11-07 12:52:27,Loss of Transportation,105,DENIED - FIN FITNESS MEETING,0
590661,Benjamin,Smith,2036-11-10 15:59:10,2036-11-11 09:59:02,Car Accident,150,DENIED - FIN FITNESS MEETING,0
591159,Oliver,Johnson,2036-11-12 04:59:15,2036-11-12 13:26:16,Injury/Illness,200,DENIED,0
591191,Isabella,Garcia,2036-11-19 05:19:50,2036-11-20 09:58:00,Misc.,1400,DELIVERED,2536
591778,Henry,Cooper,2036-11-27 22:26:17,2036-11-29 12:50:20,Injury/Illness,100,DENIED,0
592569,Evelyn,Adams,2036-12-03 19:59:10,2036-12-04 05:54:16,Loss of Transportation,150,APPEALED,0
593531,Isabella,Nguyen,2036-12-08 02:24:28,2036-12-08 15:40:23,Loss of Residency,65,DELIVERED,118
594165,Lucas,Johnson,2036-12-15 23:41:48,2036-12-17 17:46:43,Misc.,400,DELIVERED,719
594643,Elijah,Hernandez,2036-12-18 20:15:24,2036-12-19 18:53:15,Loss of Residency,120,APPEALED,0
594683,Henry,Williams,2036-12-21 19:23:52,2036-12-22 06:27:23,Child Care,790,DENIED,0
594723,Theodore,Smith,2036-12-31 05:20:48,2036-12-31 07:10:36,Car Accident,105,DENIED,0
595374,Charlotte,Garcia,2037-01-03 21:43:00,2037-01-04 06:52:09,Loss of Residency,2500,APPEALED,0
595545,Emma,Johnson,2037-01-14 11:14:42,2037-01-15 01:54:12,Misc.,2000,DENIED,0
596105,Oliver,Williams,2037-01-24 13:54:04,2037-01-25 04:20:47,Loss of Residency,860,APPEALED,0
596727,Elijah,Nguyen,2037-01-28 00:24:13,2037-01-28 04:18:44,Loss of Transportation,150,IN-PROGRESS - APPROVAL,0
596799,Henry,Jones,2037-02-03 19:24:41,2037-02-04 16:52:11,Legal Costs/Fees,600,DENIED - FIN FITNESS MEETING,0
597083,Henry,Cooper,2037-02-05 03:33:22,2037-02-05 18:27:42,Injury/Illness,860,DENIED,0
597266,Ava,Brown,2037-02-06 21:34:28,2037-02-08 19:52:13,Legal Costs/Fees,1500,IN-PROGRESS - COMMITTEE,0
597267,Harper,Garcia,2037-02-10 19:59:02,2037-02-12 07:56:21,Misc.,110,DENIED,0
597756,Isabella,Adams,2037-02-11 18:41:33,2037-02-12 09:57:57,Misc.,105,DENIED - FIN FITNESS MEETING,0
598156,Theodore,Smith,2037-02-13 14:57:00,2037-02-14 02:32:45,Legal Costs/Fees,120,DENIED,0
598400,Amelia,Nguyen,2037-02-19 14:16:22,2037-02-19 19:15:52,Victim of Crime,475,APPEALED,0
599330,Mia,Williams,2037-03-01 17:18:25,2037-03-02 06:34:20,Injury/Illness,300,DENIED,0
600092,James,Miller,2037-03-03 12:26:00,2037-03-03 13:41:50,Elder Care,790,APPROVED,875
600723,Benjamin,Garcia,2037-03-08 06:15:58,2037-03-08 13:10:46,Car Accident,450,DENIED,0
600988,William,Adams,2037-03-12 23:16:03,2037-03-13 05:57:24,Loss of Transportation,300,APPROVED,214
601442,Isabella,Johnson,2037-03-19 07:53:35,2037-03-21 04:29:31,Loss of Residency,475,DELIVERED,398
